duration_samples,duration_time,mean_velocity,std_velocity,mean_acceleration,mean_jerk,blink_count,blink_rate,participant_id,trial_number,condition,trial_type,file_path,gaze_entropy
7450,46.543963,2.1183610424772166,1.5296663144613076,0.00043822800815531294,6.622814198515546e-05,0,0.0,029,2,Unknown,first,first trials/029_2.csv,4.117957592741264
7450,46.543963,2.1183610424772166,1.5296663144613076,0.00043822800815531294,6.622814198515546e-05,0,0.0,029,2,Unknown,first,first trials/029_2.csv,4.229492149158589
40800,255.179596,3.0875060732383623,1.681901042832359,6.200550921359973e-05,-2.445610993191503e-06,0,0.0,016,0,Unknown,first,first trials/016_0.csv,4.67025582102996
40800,255.179596,3.0875060732383623,1.681901042832359,6.200550921359973e-05,-2.445610993191503e-06,0,0.0,016,0,Unknown,first,first trials/016_0.csv,4.563921536332865
40800,256.083534,2.315275001166719,1.5558689734904798,2.675012980357636e-05,-6.952909867161491e-05,2297,0.056299019607843136,053,0,Unknown,first,first trials/053_0.csv,5.081766169258051
33920,212.55913,1.5084561219996115,1.000382689555984,8.163829563653304e-05,1.5434528312416514e-05,1505,0.044369103773584904,032,1,Unknown,first,first trials/032_1.csv,4.487130614097664
33920,212.55913,1.5084561219996115,1.000382689555984,8.163829563653304e-05,1.5434528312416514e-05,1505,0.044369103773584904,032,1,Unknown,first,first trials/032_1.csv,4.898094446635655
40800,255.159053,2.3839500639221622,1.4562833305715024,5.219127229691747e-05,1.0188662132667077e-07,1337,0.032769607843137254,051,2,Unknown,first,first trials/051_2.csv,4.294917862561126
33920,212.10558,2.5298668783215907,1.5031283580433037,3.39942095284441e-05,-0.0001343004006050122,1123,0.033107311320754715,051,3,Unknown,first,first trials/051_3.csv,5.078810657452928
40800,256.183537,1.4870193098218298,0.9654317275697454,3.1426774547722265e-05,2.4243032387547645e-05,1876,0.04598039215686275,032,0,Unknown,first,first trials/032_0.csv,4.266644792982849
40800,256.183537,1.4870193098218298,0.9654317275697454,3.1426774547722265e-05,2.4243032387547645e-05,1876,0.04598039215686275,032,0,Unknown,first,first trials/032_0.csv,4.580795704126238
33920,212.009155,4.140422867319774,2.679874262903537,8.25146776527572e-05,-0.00011089315320938741,0,0.0,016,1,Unknown,first,first trials/016_1.csv,4.8172012701846665
33920,212.009155,4.140422867319774,2.679874262903537,8.25146776527572e-05,-0.00011089315320938741,0,0.0,016,1,Unknown,first,first trials/016_1.csv,5.281526492997307
33920,212.508733,2.49090373186659,1.7769793571410453,8.467897424252749e-05,-1.5133385268268281e-05,1957,0.057694575471698116,053,1,Unknown,first,first trials/053_1.csv,5.391843674006971
40800,255.481211,1.9142744737851685,1.3495975935243305,3.340505073632147e-05,-5.1945451851490895e-06,1826,0.04475490196078431,048,2,Unknown,first,first trials/048_2.csv,5.180465194150572
40800,255.481211,1.9142744737851685,1.3495975935243305,3.340505073632147e-05,-5.1945451851490895e-06,1826,0.04475490196078431,048,2,Unknown,first,first trials/048_2.csv,5.088830278295861
33819,211.48758,2.161494598304412,2.2209901578974964,6.479765802848407e-05,-8.962369399966033e-06,0,0.0,029,3,Unknown,first,first trials/029_3.csv,3.895028212822001
33819,211.48758,2.161494598304412,2.2209901578974964,6.479765802848407e-05,-8.962369399966033e-06,0,0.0,029,3,Unknown,first,first trials/029_3.csv,4.749197839614177
33895,212.347056,1.694139212519743,1.6782743080978932,2.9143804571404138e-05,-6.382406294242131e-06,0,0.0,029,1,Unknown,first,first trials/029_1.csv,4.339288251256567
33895,212.347056,1.694139212519743,1.6782743080978932,2.9143804571404138e-05,-6.382406294242131e-06,0,0.0,029,1,Unknown,first,first trials/029_1.csv,4.811651953610079
7458,46.573715,1.7796568277000058,1.3576282702999805,0.0004495052713191641,0.00021294014284808558,304,0.04076159828372218,048,0,Unknown,first,first trials/048_0.csv,4.367185271863437
7458,46.573715,1.7796568277000058,1.3576282702999805,0.0004495052713191641,0.00021294014284808558,304,0.04076159828372218,048,0,Unknown,first,first trials/048_0.csv,3.9959863276719068
33920,213.254477,1.637179884983366,0.9665380406377523,3.269274593557709e-05,-2.2632599204156795e-05,24,0.0007075471698113207,016,3,Unknown,first,first trials/016_3.csv,5.474684178426924
33920,213.254477,1.637179884983366,0.9665380406377523,3.269274593557709e-05,-2.2632599204156795e-05,24,0.0007075471698113207,016,3,Unknown,first,first trials/016_3.csv,5.348213164656697
33920,212.431048,2.45949300574097,1.5607023162364104,9.134441619610397e-05,1.0256357072406832e-05,1148,0.03384433962264151,051,1,Unknown,first,first trials/051_1.csv,4.957131662690274
40800,255.398628,1.6048293211810112,1.1248699593409277,2.7118974472931503e-05,-1.3300532733676449e-05,1961,0.04806372549019608,032,2,Unknown,first,first trials/032_2.csv,4.414925793509275
40800,255.398628,1.6048293211810112,1.1248699593409277,2.7118974472931503e-05,-1.3300532733676449e-05,1961,0.04806372549019608,032,2,Unknown,first,first trials/032_2.csv,4.606556603276484
33920,213.286774,1.6337572247370575,1.3214505739454905,3.2062380385158795e-05,1.1304361662472367e-05,1548,0.045636792452830185,032,3,Unknown,first,first trials/032_3.csv,3.5959325983246764
33920,213.286774,1.6337572247370575,1.3214505739454905,3.2062380385158795e-05,1.1304361662472367e-05,1548,0.045636792452830185,032,3,Unknown,first,first trials/032_3.csv,4.9365261194188585
40800,255.568834,2.321948015607862,1.394975045744457,0.00012350690027492121,-1.856994953024291e-05,1428,0.035,051,0,Unknown,first,first trials/051_0.csv,4.785447705945831
40800,256.23743,1.5669139967805512,0.947246067796146,3.457346396719454e-05,-2.4195804228024646e-06,33,0.0008088235294117647,016,2,Unknown,first,first trials/016_2.csv,4.165967272631198
40800,256.23743,1.5669139967805512,0.947246067796146,3.457346396719454e-05,-2.4195804228024646e-06,33,0.0008088235294117647,016,2,Unknown,first,first trials/016_2.csv,4.6864666689261805
33920,212.32478,1.8685730285936089,1.3055222613065192,9.658772295865418e-05,3.6404378900817384e-05,1487,0.04383844339622642,048,1,Unknown,first,first trials/048_1.csv,5.423561936400674
33920,212.32478,1.8685730285936089,1.3055222613065192,9.658772295865418e-05,3.6404378900817384e-05,1487,0.04383844339622642,048,1,Unknown,first,first trials/048_1.csv,5.152258499488643
40792,255.77896,1.9523001574395034,1.8168301524616868,3.153590468827131e-05,7.264551367525333e-06,0,0.0,029,0,Unknown,first,first trials/029_0.csv,3.745977921093255
40792,255.77896,1.9523001574395034,1.8168301524616868,3.153590468827131e-05,7.264551367525333e-06,0,0.0,029,0,Unknown,first,first trials/029_0.csv,4.740578707056064
33920,212.184025,1.7244077694269124,1.2159633135515198,3.384943942188542e-05,-1.0903346252443574e-05,0,0.0,034,1,Unknown,first,first trials/034_1.csv,4.571878700914942
33920,212.296455,1.7583826399675127,1.0582153542776755,5.604365694105959e-05,2.0772620928382466e-05,0,0.0,071,1,Unknown,first,first trials/071_1.csv,5.252274146408174
33920,212.296455,1.7583826399675127,1.0582153542776755,5.604365694105959e-05,2.0772620928382466e-05,0,0.0,071,1,Unknown,first,first trials/071_1.csv,5.181282205342358
40800,255.734441,2.412725730082138,1.6328814625224657,9.75867684188873e-05,4.853670978355641e-05,390,0.009558823529411765,057,2,Unknown,first,first trials/057_2.csv,4.418374862194287
40800,255.734441,2.412725730082138,1.6328814625224657,9.75867684188873e-05,4.853670978355641e-05,390,0.009558823529411765,057,2,Unknown,first,first trials/057_2.csv,4.951495700140995
33920,213.426321,1.6869672574676866,1.096940171720717,3.9094529205230055e-05,-5.674901880620254e-05,457,0.013472877358490567,036,3,Unknown,first,first trials/036_3.csv,5.204405051750617
33920,213.426321,1.6869672574676866,1.096940171720717,3.9094529205230055e-05,-5.674901880620254e-05,457,0.013472877358490567,036,3,Unknown,first,first trials/036_3.csv,5.122307430115683
33912,212.776135,2.489582305430323,1.4648222863686386,6.037590474985757e-05,-6.197699132465555e-05,0,0.0,009,1,Unknown,first,first trials/009_1.csv,3.6816156186073083
33912,212.776135,2.489582305430323,1.4648222863686386,6.037590474985757e-05,-6.197699132465555e-05,0,0.0,009,1,Unknown,first,first trials/009_1.csv,2.975638608209851
40800,259.322406,2.0433654983289355,1.1314715935065496,5.2616458893795866e-05,1.2704209377135483e-05,0,0.0,009,0,Unknown,first,first trials/009_0.csv,4.319300595308595
40800,259.322406,2.0433654983289355,1.1314715935065496,5.2616458893795866e-05,1.2704209377135483e-05,0,0.0,009,0,Unknown,first,first trials/009_0.csv,4.480875590174713
40800,256.08519,1.7329991783156562,1.098797043252852,6.760705989682489e-06,-1.1721142544451308e-05,539,0.01321078431372549,036,2,Unknown,first,first trials/036_2.csv,4.9157629573340245
40800,256.08519,1.7329991783156562,1.098797043252852,6.760705989682489e-06,-1.1721142544451308e-05,539,0.01321078431372549,036,2,Unknown,first,first trials/036_2.csv,5.164710091987869
33920,213.430054,2.8659807407222115,2.054597724373142,3.328473292062297e-05,-4.5590182870620945e-05,358,0.010554245283018867,057,3,Unknown,first,first trials/057_3.csv,4.7572442808328725
40800,256.052874,1.5873163411810562,0.9628383173280165,5.561808907230927e-05,9.080455056190652e-06,0,0.0,071,0,Unknown,first,first trials/071_0.csv,4.247728266277249
40800,256.052874,1.5873163411810562,0.9628383173280165,5.561808907230927e-05,9.080455056190652e-06,0,0.0,071,0,Unknown,first,first trials/071_0.csv,3.6794230548605547
33920,212.91239,2.4891185526039634,1.4349829559937863,5.794857556909458e-05,2.077122320680153e-05,355,0.010465801886792452,057,1,Unknown,first,first trials/057_1.csv,5.553177992469927
33920,212.91239,2.4891185526039634,1.4349829559937863,5.794857556909458e-05,2.077122320680153e-05,355,0.010465801886792452,057,1,Unknown,first,first trials/057_1.csv,5.303428515999315
2,48.035683,7.697001696167111,7.697001696167111,7.697001696167111,7.697001696167111,0,0.0,071,2,Unknown,first,first trials/071_2.csv,1.0
2,48.035683,7.697001696167111,7.697001696167111,7.697001696167111,7.697001696167111,0,0.0,071,2,Unknown,first,first trials/071_2.csv,4.511683276290814
40800,255.782511,1.5997492359345216,1.1070228821393582,3.7350439936643606e-05,-1.96105400956865e-06,0,0.0,034,2,Unknown,first,first trials/034_2.csv,4.435315415310533
40796,261.972179,1.6569270352094265,1.1002742955189688,0.0002012662942029586,4.141967257250102e-05,532,0.013040494166094716,036,0,Unknown,first,first trials/036_0.csv,2.956439459011152
40796,261.972179,1.6569270352094265,1.1002742955189688,0.0002012662942029586,4.141967257250102e-05,532,0.013040494166094716,036,0,Unknown,first,first trials/036_0.csv,5.116004755194266
40800,256.200517,1.9552032358503746,1.1887291649368097,3.505120605421757e-05,2.2022931300556906e-05,0,0.0,009,2,Unknown,first,first trials/009_2.csv,4.5629585067656215
40800,256.200517,1.9552032358503746,1.1887291649368097,3.505120605421757e-05,2.2022931300556906e-05,0,0.0,009,2,Unknown,first,first trials/009_2.csv,4.302137066911282
24342,213.151702,2.1713214061075368,1.4443881453513687,8.745531250511031e-05,7.485027002349509e-05,0,0.0,009,3,Unknown,first,first trials/009_3.csv,5.078831597370166
24342,213.151702,2.1713214061075368,1.4443881453513687,8.745531250511031e-05,7.485027002349509e-05,0,0.0,009,3,Unknown,first,first trials/009_3.csv,4.453926605187293
33920,212.987324,1.751133199981235,1.098890145172715,7.878489172269701e-05,-2.812793280191548e-05,471,0.01388561320754717,036,1,Unknown,first,first trials/036_1.csv,5.270091135141337
33920,212.987324,1.751133199981235,1.098890145172715,7.878489172269701e-05,-2.812793280191548e-05,471,0.01388561320754717,036,1,Unknown,first,first trials/036_1.csv,5.291772681487136
33920,214.801615,2.019151140181118,1.1743349078561094,5.6860326250063716e-05,-1.1064657302390495e-05,0,0.0,071,3,Unknown,first,first trials/071_3.csv,4.8597177386196
33920,214.801615,2.019151140181118,1.1743349078561094,5.6860326250063716e-05,-1.1064657302390495e-05,0,0.0,071,3,Unknown,first,first trials/071_3.csv,5.198118618228115
40800,256.3048,2.0810658141762786,1.1948119818855834,0.00010140338735306324,3.41129668393497e-05,389,0.009534313725490197,057,0,Unknown,first,first trials/057_0.csv,4.84726027737314
40800,256.3048,2.0810658141762786,1.1948119818855834,0.00010140338735306324,3.41129668393497e-05,389,0.009534313725490197,057,0,Unknown,first,first trials/057_0.csv,4.272853732343122
33920,212.912772,1.7437967053321863,0.9939224561550284,7.592345878969251e-05,-9.191185928354324e-06,32,0.0009433962264150943,050,1,Unknown,first,first trials/050_1.csv,5.172341720910066
33920,212.513356,1.9538042575552725,1.4234243431441715,2.2650613545318116e-05,-9.532807740070627e-06,553,0.01630306603773585,015,1,Unknown,first,first trials/015_1.csv,5.459832953332466
40800,255.676391,2.2179799998466754,1.3672335959534905,6.946872581074464e-05,3.116087324048391e-05,813,0.019926470588235295,033,2,Unknown,first,first trials/033_2.csv,4.748273422400519
33920,212.030933,1.7003898455666009,1.3566301460429242,4.842591977555361e-05,2.90482294173623e-05,1080,0.031839622641509434,017,3,Unknown,first,first trials/017_3.csv,5.222804144685466
33920,213.06181,1.7966779185896753,1.3538720400156399,6.5691090343644705e-06,3.78291710099796e-06,427,0.012588443396226416,052,3,Unknown,first,first trials/052_3.csv,4.842069766681055
40800,255.985995,1.937744258539918,1.2451777846371768,4.612728609277389e-05,-1.837852150664676e-05,451,0.01105392156862745,031,0,Unknown,first,first trials/031_0.csv,4.2507117859856915
40800,256.331403,1.6173167474649617,0.9756137412276656,5.1282582403865906e-05,1.673201557181317e-05,668,0.016372549019607843,049,0,Unknown,first,first trials/049_0.csv,4.5856254285662565
40800,256.331403,1.6173167474649617,0.9756137412276656,5.1282582403865906e-05,1.673201557181317e-05,668,0.016372549019607843,049,0,Unknown,first,first trials/049_0.csv,4.745396613254503
33920,212.52759,1.7785396205081923,1.1141680701643517,7.255797616470906e-05,4.333399330083109e-06,664,0.019575471698113207,028,1,Unknown,first,first trials/028_1.csv,4.8507646634835915
40800,255.862139,1.7072311998694432,1.0746161103171785,6.8193112555766e-05,2.362168569457739e-05,767,0.018799019607843137,028,0,Unknown,first,first trials/028_0.csv,4.22900310444059
33920,212.905704,1.7735448840514532,1.1274022093511193,6.346243097487144e-05,-2.084597965438815e-05,589,0.01736438679245283,049,1,Unknown,first,first trials/049_1.csv,5.04985416258347
33920,212.905704,1.7735448840514532,1.1274022093511193,6.346243097487144e-05,-2.084597965438815e-05,589,0.01736438679245283,049,1,Unknown,first,first trials/049_1.csv,5.151036323238122
33920,212.356687,2.1324752360107637,1.4848756873894176,1.379006204653784e-05,-3.80912458024072e-05,356,0.010495283018867924,031,1,Unknown,first,first trials/031_1.csv,3.385346015140732
40800,255.023743,1.5925404711245343,1.246831285600272,6.0531089596188006e-05,2.5410569907311416e-05,1205,0.029534313725490195,017,2,Unknown,first,first trials/017_2.csv,4.210763097694793
40800,255.305813,1.6852529619117975,1.215386236564669,5.206393537577451e-05,-1.5826772062230334e-05,488,0.01196078431372549,052,2,Unknown,first,first trials/052_2.csv,4.376611572907838
33920,213.389349,2.103784691813991,1.3341304298938874,0.00012009816814123999,5.2356886122975755e-05,655,0.019310141509433963,033,3,Unknown,first,first trials/033_3.csv,4.420654560949379
40800,256.449088,1.66170181651492,0.9395124822227412,3.093420086686527e-05,3.0934200866867036e-05,46,0.0011274509803921569,050,0,Unknown,first,first trials/050_0.csv,4.86928182456559
40800,260.692336,1.8448301480340124,1.3342356772996355,5.980544410294432e-05,5.980544410294431e-05,710,0.017401960784313726,015,0,Unknown,first,first trials/015_0.csv,3.6219823892900243
33920,212.43942,1.8883898597528606,1.1702996691938878,8.255460151220792e-06,-0.0001230544455117662,656,0.019339622641509433,033,1,Unknown,first,first trials/033_1.csv,4.98509958915881
40800,255.41984,1.8380394055858782,1.1429870372042596,5.351402935605608e-05,4.551572410006528e-05,666,0.016323529411764705,015,2,Unknown,first,first trials/015_2.csv,4.491251580677713
40800,256.21791,1.7141734087386349,0.9581861384575928,4.277283699833662e-05,-4.517469892805291e-07,51,0.00125,050,2,Unknown,first,first trials/050_2.csv,4.785806697589503
33920,212.846596,2.179903977964036,1.3441469436955211,0.00010942920502376264,5.679384988031576e-05,353,0.010406839622641509,031,3,Unknown,first,first trials/031_3.csv,4.322732911086397
40800,256.821624,1.5239499115066686,0.9146385063156856,2.2743026156612648e-05,1.1848923612789496e-05,444,0.01088235294117647,052,0,Unknown,first,first trials/052_0.csv,4.154536313731271
40800,255.442122,1.512770779737146,1.0240681540309144,1.719099973128734e-05,-2.0417443277445564e-05,1183,0.028995098039215687,017,0,Unknown,first,first trials/017_0.csv,4.52690758552868
25443,159.455199,1.812166687628083,1.0662140804420548,4.3036071023314426e-05,2.4792565978978103e-05,425,0.01670400503085328,049,3,Unknown,first,first trials/049_3.csv,4.658899175863764
25443,159.455199,1.812166687628083,1.0662140804420548,4.3036071023314426e-05,2.4792565978978103e-05,425,0.01670400503085328,049,3,Unknown,first,first trials/049_3.csv,5.100948756238017
40465,253.881314,2.1445714460166463,1.7024997540965203,2.782071115986114e-05,5.906575308071302e-06,831,0.020536265908810084,028,2,Unknown,first,first trials/028_2.csv,3.396155505423444
33900,212.928114,1.9131503847209628,1.4271758559747945,5.927187610010484e-05,-1.3540353767894547e-05,660,0.019469026548672566,028,3,Unknown,first,first trials/028_3.csv,4.714558841275411
40800,255.238953,1.7212011979636719,1.019653707050548,4.665703720077084e-05,1.5031510411416114e-05,702,0.017205882352941175,049,2,Unknown,first,first trials/049_2.csv,5.077137840571762
40800,255.238953,1.7212011979636719,1.019653707050548,4.665703720077084e-05,1.5031510411416114e-05,702,0.017205882352941175,049,2,Unknown,first,first trials/049_2.csv,4.90412882369159
33920,212.358743,1.766730684401163,1.0684007145454126,5.9021200248096936e-05,-3.039797662045144e-05,417,0.012293632075471699,052,1,Unknown,first,first trials/052_1.csv,5.390246969985226
33920,212.241871,1.5463570046499913,1.0418718928668396,5.770373435996713e-05,2.1308107109098043e-05,941,0.027741745283018867,017,1,Unknown,first,first trials/017_1.csv,5.066095921748017
40800,255.798715,2.2270734626071755,1.6312095911285371,8.97073322807227e-05,2.560337362615434e-05,471,0.011544117647058823,031,2,Unknown,first,first trials/031_2.csv,4.212594832865635
33920,212.865361,1.8443633664930044,1.2476927605457404,7.669138174497694e-05,2.913358547622691e-05,551,0.016244103773584907,015,3,Unknown,first,first trials/015_3.csv,5.046671700302382
33920,213.088148,1.7391766482041489,0.9896319412494288,0.00011308113314790192,3.368908454511187e-05,36,0.0010613207547169811,050,3,Unknown,first,first trials/050_3.csv,5.242708409309024
40800,255.97234,1.786476087886165,1.0853878326925337,7.818631161556943e-05,-1.0022535840139415e-05,823,0.02017156862745098,033,0,Unknown,first,first trials/033_0.csv,4.750087099363439
40800,255.863868,1.9235160044567052,1.3006437432661426,3.579661687574565e-05,-8.561745052346585e-06,1968,0.04823529411764706,008,2,Unknown,first,first trials/008_2.csv,4.872895351275796
33920,213.430273,2.0099016920062196,1.285807313713425,1.0186403353568877e-05,-0.00011602394821957875,210,0.006191037735849057,069,3,Unknown,first,first trials/069_3.csv,4.499305179136701
33920,212.541229,2.3555863809037,1.5061786812943612,7.180339345518714e-05,1.5164207489335965e-05,169,0.004982311320754717,011,3,Unknown,first,first trials/011_3.csv,4.897687640395503
33920,212.541229,2.3555863809037,1.5061786812943612,7.180339345518714e-05,1.5164207489335965e-05,169,0.004982311320754717,011,3,Unknown,first,first trials/011_3.csv,4.9715904197073035
33920,213.104901,1.8928095421457174,1.1882728150402715,5.498498431338448e-05,-2.1756910320084673e-05,222,0.006544811320754717,054,3,Unknown,first,first trials/054_3.csv,5.072494549018345
33920,213.104901,1.8928095421457174,1.1882728150402715,5.498498431338448e-05,-2.1756910320084673e-05,222,0.006544811320754717,054,3,Unknown,first,first trials/054_3.csv,4.850484523489952
40800,255.531122,1.9361064068757925,2.0928647302282317,6.455478955045432e-06,-3.475164497038836e-05,3241,0.07943627450980392,037,0,Unknown,first,first trials/037_0.csv,4.838393234514645
33920,212.590662,1.8645313784258335,1.3437901244894581,5.299863430520735e-05,1.876828313162142e-05,4697,0.13847287735849056,056,1,Unknown,first,first trials/056_1.csv,4.685173716375377
33920,212.317646,1.7183994615257951,1.2301926003805816,9.822971928032404e-06,-1.8431796950434265e-05,2693,0.07939268867924529,013,1,Unknown,first,first trials/013_1.csv,3.944263803194487
40800,255.772672,2.3139452894780392,1.5359722185287903,1.5238355239953129e-18,-9.428514625036765e-05,838,0.02053921568627451,070,2,Unknown,first,first trials/070_2.csv,4.191633520079813
33920,212.64842,2.431571936919119,1.8723472108639971,5.02112115865451e-05,-3.986529622766445e-05,740,0.021816037735849055,070,3,Unknown,first,first trials/070_3.csv,4.880979602903083
40800,256.320415,1.7605379699947465,1.2658381592629329,7.2473338904576485e-06,-3.630539500199644e-05,5646,0.13838235294117648,056,0,Unknown,first,first trials/056_0.csv,4.86139604437834
40800,256.320415,1.7605379699947465,1.2658381592629329,7.2473338904576485e-06,-3.630539500199644e-05,5646,0.13838235294117648,056,0,Unknown,first,first trials/056_0.csv,4.947378465668846
1522,9.470802,1.898126926272015,2.2885109741576692,0.0010315866289963098,4.469304737831912e-05,136,0.08935611038107753,013,0,Unknown,first,first trials/013_0.csv,3.9282523595442638
33920,212.509641,1.8281489099299326,1.5627099748890048,6.817797825483569e-05,3.003828116704528e-06,2571,0.07579599056603774,037,1,Unknown,first,first trials/037_1.csv,4.908901021281875
40800,255.527338,2.440915862138998,1.4884778483782786,3.132116489746411e-05,-3.109957892294378e-05,216,0.005294117647058823,011,2,Unknown,first,first trials/011_2.csv,4.692501063858182
40800,255.527338,2.440915862138998,1.4884778483782786,3.132116489746411e-05,-3.109957892294378e-05,216,0.005294117647058823,011,2,Unknown,first,first trials/011_2.csv,3.1129126386648642
40800,255.569679,1.705964270597283,1.0135961769190784,6.5913733361058875e-06,-2.4742491960448038e-05,252,0.006176470588235294,054,2,Unknown,first,first trials/054_2.csv,4.9884792173079715
40800,255.569679,1.705964270597283,1.0135961769190784,6.5913733361058875e-06,-2.4742491960448038e-05,252,0.006176470588235294,054,2,Unknown,first,first trials/054_2.csv,4.480693720365042
40800,256.018076,1.8893352363788631,1.1381038145845346,4.183158491160358e-05,3.5883379776315154e-05,257,0.006299019607843137,069,2,Unknown,first,first trials/069_2.csv,4.122595681134549
33920,213.470461,1.9093410193769682,1.2998372696207905,0.0001404073083736399,6.861653257977306e-05,1612,0.04752358490566038,008,3,Unknown,first,first trials/008_3.csv,4.751643590807784
33920,212.813948,1.7036165247740105,1.1806362163243251,5.681051221864039e-05,4.386221811381736e-05,1577,0.046491745283018866,008,1,Unknown,first,first trials/008_1.csv,4.5501157035801665
40800,256.025939,1.9823746500130077,1.1222498280946653,4.908135303109966e-05,2.1541901409836457e-06,220,0.005392156862745098,069,0,Unknown,first,first trials/069_0.csv,4.442056969801289
33920,212.619043,2.0696462282708414,1.5355175843858833,9.972716899934134e-05,-2.909797298931444e-05,2847,0.08393278301886792,037,3,Unknown,first,first trials/037_3.csv,4.325791455629045
40800,256.031094,1.484662437578921,0.902150450708583,1.4995476535489533e-05,-2.3014606499084143e-05,249,0.006102941176470588,054,0,Unknown,first,first trials/054_0.csv,4.545307109224604
40800,256.031094,1.484662437578921,0.902150450708583,1.4995476535489533e-05,-2.3014606499084143e-05,249,0.006102941176470588,054,0,Unknown,first,first trials/054_0.csv,4.325817380838299
40800,255.735765,1.9986302430946044,1.1253148044271981,3.338036580349301e-05,-1.1517746723603409e-05,178,0.004362745098039216,011,0,Unknown,first,first trials/011_0.csv,5.1437536948222595
33920,212.402842,2.051092211288805,1.2415953985486763,1.442870339689363e-05,-2.5332122678867696e-05,666,0.01963443396226415,070,1,Unknown,first,first trials/070_1.csv,4.420497728691942
40800,255.635762,2.27694113660945,2.4660611393212037,3.9381623830496207e-05,1.2155015712474194e-05,3635,0.08909313725490196,013,2,Unknown,first,first trials/013_2.csv,3.869209723066523
40800,256.135248,2.1567799821131444,1.616147019834263,2.5570752847167254e-05,-8.265156320186048e-05,6218,0.15240196078431373,056,2,Unknown,first,first trials/056_2.csv,4.485421853524927
40800,256.135248,2.1567799821131444,1.616147019834263,2.5570752847167254e-05,-8.265156320186048e-05,6218,0.15240196078431373,056,2,Unknown,first,first trials/056_2.csv,5.445579257603497
33920,212.64785,2.3029958282411203,2.4237273965451718,2.400465740628636e-05,-6.3819072632632295e-06,3034,0.08944575471698113,013,3,Unknown,first,first trials/013_3.csv,4.085312651082572
33920,213.07298,2.0618445113761066,1.5493956827591184,-2.5922660244785493e-18,-4.737066429973129e-05,4874,0.14369103773584907,056,3,Unknown,first,first trials/056_3.csv,4.022353639010183
33920,213.07298,2.0618445113761066,1.5493956827591184,-2.5922660244785493e-18,-4.737066429973129e-05,4874,0.14369103773584907,056,3,Unknown,first,first trials/056_3.csv,5.116133514227189
30152,188.769801,2.112153930767324,1.272464083006041,3.4346259676470945e-05,-2.8992537503264055e-06,609,0.020197665163173256,070,0,Unknown,first,first trials/070_0.csv,4.08345837575732
33920,212.652045,1.6045252148247096,1.0095581995403062,6.7331522489569174e-06,-1.3396011139046864e-05,199,0.005866745283018868,054,1,Unknown,first,first trials/054_1.csv,4.738557469777922
33920,212.652045,1.6045252148247096,1.0095581995403062,6.7331522489569174e-06,-1.3396011139046864e-05,199,0.005866745283018868,054,1,Unknown,first,first trials/054_1.csv,5.2220978343581494
33920,212.617698,2.2412763283526633,1.32631013380815,5.4036722841114136e-05,-2.2827293697499433e-05,150,0.004422169811320755,011,1,Unknown,first,first trials/011_1.csv,5.220954663571017
33920,212.617698,2.2412763283526633,1.32631013380815,5.4036722841114136e-05,-2.2827293697499433e-05,150,0.004422169811320755,011,1,Unknown,first,first trials/011_1.csv,5.229846793354789
40615,254.73594,2.1188831719826755,1.5102136599112432,2.3570419898358603e-05,-5.243313020614771e-06,3222,0.07933029668841561,037,2,Unknown,first,first trials/037_2.csv,4.678689643765725
33920,212.142096,2.181406135985878,1.2345944708245076,5.1480616331297856e-05,-5.2749861102192886e-05,217,0.006397405660377359,069,1,Unknown,first,first trials/069_1.csv,5.165992672628571
40800,255.587017,1.5688368107005652,1.045190547158045,3.0024308794095673e-05,1.308378448484684e-05,1966,0.04818627450980392,008,0,Unknown,first,first trials/008_0.csv,4.767256067012969
40800,256.212241,1.9383810699092203,1.329087453180437,6.23413580357639e-05,2.583195086612823e-05,2307,0.05654411764705882,043,2,Unknown,first,first trials/043_2.csv,4.912714572091635
40800,260.712557,1.824315010931089,1.3468047594190045,1.884273068691028e-05,-1.7274979730117534e-05,1425,0.034926470588235295,006,2,Unknown,first,first trials/006_2.csv,2.4184370394561245
40800,260.712557,1.824315010931089,1.3468047594190045,1.884273068691028e-05,-1.7274979730117534e-05,1425,0.034926470588235295,006,2,Unknown,first,first trials/006_2.csv,3.947704538508224
33920,212.364505,1.7430095133165648,1.2797946380797882,0.00016875555008214014,0.0001562322527585359,428,0.012617924528301887,020,1,Unknown,first,first trials/020_1.csv,4.195452567186447
33920,213.169213,2.1443925648305884,1.3052819554596646,9.73682534465591e-05,-6.280683721913864e-06,698,0.020577830188679244,065,1,Unknown,first,first trials/065_1.csv,5.365931418883203
33920,213.169213,2.1443925648305884,1.3052819554596646,9.73682534465591e-05,-6.280683721913864e-06,698,0.020577830188679244,065,1,Unknown,first,first trials/065_1.csv,4.8622556642436345
40800,255.450335,1.4929854181240587,0.9580253008182124,6.58951767000634e-05,3.078101581850561e-05,1419,0.034779411764705885,041,0,Unknown,first,first trials/041_0.csv,4.563169036038857
40800,255.450335,1.4929854181240587,0.9580253008182124,6.58951767000634e-05,3.078101581850561e-05,1419,0.034779411764705885,041,0,Unknown,first,first trials/041_0.csv,4.112192158378787
40800,256.011063,1.4820866221964093,0.8578863250309517,3.9810955700943914e-05,-1.1542293038091287e-05,172,0.0042156862745098035,039,0,Unknown,first,first trials/039_0.csv,4.755258782177177
33920,212.200916,2.1818262445277394,1.600864071797371,0.0001493450168529019,4.635029090885004e-05,890,0.026238207547169812,058,1,Unknown,first,first trials/058_1.csv,5.005055226498451
33920,212.200916,2.1818262445277394,1.600864071797371,0.0001493450168529019,4.635029090885004e-05,890,0.026238207547169812,058,1,Unknown,first,first trials/058_1.csv,4.549798606495467
40800,256.11302,2.0177191005475277,1.774061050590985,2.1255311278267585e-05,-3.1633690779136915e-05,1082,0.026519607843137255,058,0,Unknown,first,first trials/058_0.csv,4.367706292669521
40800,256.11302,2.0177191005475277,1.774061050590985,2.1255311278267585e-05,-3.1633690779136915e-05,1082,0.026519607843137255,058,0,Unknown,first,first trials/058_0.csv,4.143894194615811
33920,212.832321,1.6112977238789112,0.9744425337651226,4.1034057450349505e-05,3.908479237364858e-06,148,0.004363207547169811,039,1,Unknown,first,first trials/039_1.csv,5.276656116876617
33920,212.46968,1.6583526256817829,1.1981060092977147,2.8996101997796224e-05,-2.6157597543741698e-05,1149,0.03387382075471698,041,1,Unknown,first,first trials/041_1.csv,5.218186613263378
33920,212.46968,1.6583526256817829,1.1981060092977147,2.8996101997796224e-05,-2.6157597543741698e-05,1149,0.03387382075471698,041,1,Unknown,first,first trials/041_1.csv,5.167201025955649
40800,255.507634,1.6142015388762585,1.0374703946616068,4.798666577624603e-05,1.798420318826228e-05,546,0.01338235294117647,020,0,Unknown,first,first trials/020_0.csv,4.460917302489222
40800,256.057016,1.876385154481434,1.1100384752191446,7.835629946623429e-05,2.7180105260536528e-05,816,0.02,065,0,Unknown,first,first trials/065_0.csv,5.034128389982624
40800,256.057016,1.876385154481434,1.1100384752191446,7.835629946623429e-05,2.7180105260536528e-05,816,0.02,065,0,Unknown,first,first trials/065_0.csv,4.832314999166413
33920,212.564123,1.897200644001981,1.4168042843311341,2.9935323436435834e-05,-3.169691194753933e-05,1808,0.05330188679245283,043,3,Unknown,first,first trials/043_3.csv,4.407632285473518
33920,216.185502,1.8970465670198704,1.4868801168986112,1.5935666281322018e-05,-4.715892062655455e-05,1166,0.034375,006,3,Unknown,first,first trials/006_3.csv,3.4952701789708334
33920,216.185502,1.8970465670198704,1.4868801168986112,1.5935666281322018e-05,-4.715892062655455e-05,1166,0.034375,006,3,Unknown,first,first trials/006_3.csv,4.530688525980696
40800,255.129199,2.069001375880401,1.289305852800768,2.0576400121918705e-05,-2.8328828149948097e-05,869,0.021299019607843136,065,2,Unknown,first,first trials/065_2.csv,4.946471538452307
40800,255.129199,2.069001375880401,1.289305852800768,2.0576400121918705e-05,-2.8328828149948097e-05,869,0.021299019607843136,065,2,Unknown,first,first trials/065_2.csv,4.931422823593804
40800,255.754415,1.7486351703340053,1.1177923603549824,0.00013970477841867873,8.934714785776567e-05,496,0.01215686274509804,020,2,Unknown,first,first trials/020_2.csv,5.133850196887653
33920,217.563385,1.9846828473126066,1.3610054486599632,5.7068289219079156e-05,3.272989696241479e-05,1092,0.032193396226415094,006,1,Unknown,first,first trials/006_1.csv,3.0701962638956255
33920,217.563385,1.9846828473126066,1.3610054486599632,5.7068289219079156e-05,3.272989696241479e-05,1092,0.032193396226415094,006,1,Unknown,first,first trials/006_1.csv,4.8206946549110175
33920,212.880959,1.9879937691744574,1.279256476210358,-2.003114655278879e-18,-8.05960568122049e-05,1827,0.05386202830188679,043,1,Unknown,first,first trials/043_1.csv,4.779876745195191
33920,213.271451,1.9266861725991498,1.5138077478805838,6.944982592296891e-05,3.5199205416926564e-05,1221,0.035996462264150944,041,3,Unknown,first,first trials/041_3.csv,4.666660006301877
33920,213.271451,1.9266861725991498,1.5138077478805838,6.944982592296891e-05,3.5199205416926564e-05,1221,0.035996462264150944,041,3,Unknown,first,first trials/041_3.csv,4.309059302795461
33920,212.605844,1.7176151846676733,1.1465940478873557,6.364760960580049e-05,4.041406704388078e-06,139,0.004097877358490566,039,3,Unknown,first,first trials/039_3.csv,4.19710016751818
40768,254.862989,2.54926459099218,2.852150429955368,5.547547106989628e-05,-6.280955011809377e-06,1107,0.027153649921507064,058,2,Unknown,first,first trials/058_2.csv,3.7117909143209284
40768,254.862989,2.54926459099218,2.852150429955368,5.547547106989628e-05,-6.280955011809377e-06,1107,0.027153649921507064,058,2,Unknown,first,first trials/058_2.csv,3.657400466524072
33920,212.103813,2.127092239317554,1.9713205045621844,5.591700913843359e-05,-4.285605141919914e-06,940,0.027712264150943397,058,3,Unknown,first,first trials/058_3.csv,4.458511756616893
33920,212.103813,2.127092239317554,1.9713205045621844,5.591700913843359e-05,-4.285605141919914e-06,940,0.027712264150943397,058,3,Unknown,first,first trials/058_3.csv,3.85835655624268
40800,255.603115,1.6061897510856173,0.9271390373980127,8.170301439502192e-05,6.956230631977195e-05,192,0.004705882352941176,039,2,Unknown,first,first trials/039_2.csv,4.492347733168494
40800,255.897125,1.8710193381253104,1.3070109519079383,3.201307547187926e-05,-2.3101021074728174e-06,1469,0.03600490196078431,041,2,Unknown,first,first trials/041_2.csv,4.889964072109738
40800,255.897125,1.8710193381253104,1.3070109519079383,3.201307547187926e-05,-2.3101021074728174e-06,1469,0.03600490196078431,041,2,Unknown,first,first trials/041_2.csv,3.9451533982062803
40799,261.072563,1.9497228624252463,1.2649388852812447,1.4150248114048908e-19,-1.8479121315802914e-05,1332,0.03264785901615236,006,0,Unknown,first,first trials/006_0.csv,2.9914895985217798
40799,261.072563,1.9497228624252463,1.2649388852812447,1.4150248114048908e-19,-1.8479121315802914e-05,1332,0.03264785901615236,006,0,Unknown,first,first trials/006_0.csv,4.207621290279155
40800,255.92233,1.5889658254214865,1.0765330365805446,3.17053895384708e-05,-2.4490512049207007e-06,2115,0.05183823529411765,043,0,Unknown,first,first trials/043_0.csv,4.809708391332478
33920,212.782303,2.1653250932797583,1.352668134417515,7.491210395913608e-05,6.550269356992373e-05,780,0.022995283018867923,065,3,Unknown,first,first trials/065_3.csv,4.902495614864048
33920,212.782303,2.1653250932797583,1.352668134417515,7.491210395913608e-05,6.550269356992373e-05,780,0.022995283018867923,065,3,Unknown,first,first trials/065_3.csv,4.88253368985117
33920,213.297256,1.8775496555306905,1.244140493490747,5.6175132466057834e-05,-2.524227735132057e-06,391,0.011527122641509433,020,3,Unknown,first,first trials/020_3.csv,5.276309541651371
33042,207.599681,2.485843751423221,1.4988535608642592,6.536868459293119e-05,-9.684905397335392e-05,337,0.01019914048786393,019,3,Unknown,first,first trials/019_3.csv,4.6413466101038425
40800,256.205838,1.4932784720556662,0.8739084468702008,4.779976674595435e-05,2.116681314046148e-05,596,0.014607843137254902,047,0,Unknown,first,first trials/047_0.csv,4.689261505195279
40800,256.205838,1.4932784720556662,0.8739084468702008,4.779976674595435e-05,2.116681314046148e-05,596,0.014607843137254902,047,0,Unknown,first,first trials/047_0.csv,4.788413776862106
33920,217.102114,2.0844155599399667,1.468557547220373,0.0002595726123038776,-2.3585991450899022e-05,1353,0.03988797169811321,024,3,Unknown,first,first trials/024_3.csv,3.780476268046433
33920,212.460739,1.7710412922690806,1.0540313674239568,5.2699892536731316e-05,-3.168287014959897e-05,404,0.011910377358490567,026,1,Unknown,first,first trials/026_1.csv,4.923208433887232
40800,255.218529,1.6804413054336211,0.9563562685994812,6.98381517724963e-05,1.7294759130108127e-05,474,0.01161764705882353,026,0,Unknown,first,first trials/026_0.csv,4.706475235062894
40800,258.653135,2.088039051245105,1.6133136649142454,9.553890560343044e-05,-2.490692907446142e-05,1643,0.04026960784313725,024,2,Unknown,first,first trials/024_2.csv,3.4093596455592157
33920,212.870785,1.7299756217712186,0.9830673485298814,6.82681084773628e-05,3.631886043281234e-05,469,0.013826650943396227,047,1,Unknown,first,first trials/047_1.csv,5.542958354932191
33920,212.870785,1.7299756217712186,0.9830673485298814,6.82681084773628e-05,3.631886043281234e-05,469,0.013826650943396227,047,1,Unknown,first,first trials/047_1.csv,5.248377028095639
36855,231.035177,2.4717302674345203,1.4727721636594868,8.256144628509705e-05,2.186702756191008e-05,375,0.010175010175010175,019,2,Unknown,first,first trials/019_2.csv,4.675757565413184
40800,255.731614,2.031482511264565,1.243440899472299,1.1894990517001879e-05,-3.201757660513005e-05,420,0.010294117647058823,019,0,Unknown,first,first trials/019_0.csv,4.777493407080079
40800,257.575378,1.7896395668756626,1.1384981605157198,5.4358116574861327e-05,5.4358116574863536e-05,1488,0.036470588235294116,024,0,Unknown,first,first trials/024_0.csv,3.5310744685511786
33920,212.223307,1.7360864352467464,1.1361882722001166,1.8152795670849928e-05,-5.469107087598488e-05,542,0.01597877358490566,047,3,Unknown,first,first trials/047_3.csv,4.922738704919638
33920,212.223307,1.7360864352467464,1.1361882722001166,1.8152795670849928e-05,-5.469107087598488e-05,542,0.01597877358490566,047,3,Unknown,first,first trials/047_3.csv,4.635451142903676
40786,255.024179,2.004456568666931,1.158090123767707,5.635999910161971e-05,-7.934746869915376e-05,533,0.013068209679792086,026,2,Unknown,first,first trials/026_2.csv,4.270922376322109
33920,212.975569,3.758435834132295,2.4137166542242654,7.686438167884065e-06,7.68643816788451e-06,1547,0.04560731132075472,063,3,Unknown,first,first trials/063_3.csv,3.6755813057944677
33899,211.909732,1.9886201279695774,1.254512895068004,8.638754128901914e-05,3.3654790428608966e-05,431,0.01271423935809316,026,3,Unknown,first,first trials/026_3.csv,3.7715473838628304
40800,257.167804,1.635290169775656,0.9355520710008192,4.4198138998895496e-05,1.9453706326744043e-05,596,0.014607843137254902,047,2,Unknown,first,first trials/047_2.csv,4.487980374107217
40800,257.167804,1.635290169775656,0.9355520710008192,4.4198138998895496e-05,1.9453706326744043e-05,596,0.014607843137254902,047,2,Unknown,first,first trials/047_2.csv,0.0
33920,213.840215,1.8652276506954049,1.1704282795038754,-1.4794245493236167e-18,-7.699478026995312e-05,1246,0.03673349056603774,024,1,Unknown,first,first trials/024_1.csv,4.948152274800872
33920,212.235294,2.46112279083608,1.4685560094519785,8.002150005005159e-05,-4.871606073858684e-05,340,0.010023584905660377,019,1,Unknown,first,first trials/019_1.csv,5.582823980925545
33920,212.350207,1.8749148673658529,1.1259854670328129,2.64156127616625e-05,7.433276317625182e-06,507,0.014946933962264151,038,3,Unknown,first,first trials/038_3.csv,5.091436776867036
40800,256.170817,1.9428132696508373,1.1300417460590446,4.688990038175574e-05,1.6315070880403e-05,657,0.016102941176470587,066,0,Unknown,first,first trials/066_0.csv,4.392358116567336
33920,212.221872,1.962291599601687,1.6033795810342124,3.480228131408602e-05,-5.150220001412507e-05,1312,0.038679245283018866,040,3,Unknown,first,first trials/040_3.csv,5.001556585134515
40800,255.729847,2.0722120388811716,1.4684306620658107,8.078575324473059e-05,3.393210156332302e-05,531,0.01301470588235294,021,2,Unknown,first,first trials/021_2.csv,4.078355930620601
40800,255.729847,2.0722120388811716,1.4684306620658107,8.078575324473059e-05,3.393210156332302e-05,531,0.01301470588235294,021,2,Unknown,first,first trials/021_2.csv,4.1451579907567515
39254,245.870523,3.514139261902049,2.109451745572941,0.00023754501266496825,-3.236792367099078e-05,608,0.015488867376573089,064,2,Unknown,first,first trials/064_2.csv,4.358149756782568
33920,213.747103,1.8956058836831398,1.277672490038706,6.986843254070969e-05,2.303981054874128e-05,881,0.025972877358490565,042,1,Unknown,first,first trials/042_1.csv,4.447713106231674
33920,213.747103,1.8956058836831398,1.277672490038706,6.986843254070969e-05,2.303981054874128e-05,881,0.025972877358490565,042,1,Unknown,first,first trials/042_1.csv,4.901012957383893
40800,257.372753,1.7100194553849724,1.0416218998117455,0.00011837006595994175,5.622049177682974e-05,950,0.023284313725490197,042,0,Unknown,first,first trials/042_0.csv,4.339407977536655
40800,257.372753,1.7100194553849724,1.0416218998117455,0.00011837006595994175,5.622049177682974e-05,950,0.023284313725490197,042,0,Unknown,first,first trials/042_0.csv,4.6692269968501
33920,213.3202,1.9472804336981597,1.1621702731225323,6.255985203411189e-05,-1.8507675369142644e-05,433,0.012765330188679246,021,3,Unknown,first,first trials/021_3.csv,5.1456427728325345
33920,213.3202,1.9472804336981597,1.1621702731225323,6.255985203411189e-05,-1.8507675369142644e-05,433,0.012765330188679246,021,3,Unknown,first,first trials/021_3.csv,4.802262172431784
27626,173.494606,3.4455822928710003,2.107480292240873,0.00018012745817154102,0.00012610191484749162,477,0.017266343299790054,064,3,Unknown,first,first trials/064_3.csv,4.975806927829314
40800,255.235448,2.1279962518915783,1.496619051577239,1.615179359193185e-05,-3.5750883444136424e-05,1515,0.03713235294117647,040,2,Unknown,first,first trials/040_2.csv,4.00045565805441
33920,212.579145,2.0560557312069676,1.1963808632050974,2.173001001060209e-05,-7.471489732098517e-05,531,0.015654481132075473,066,1,Unknown,first,first trials/066_1.csv,4.690985280556378
40800,255.96322,1.9650102024830813,1.228597812389496,6.686165520250406e-05,-1.9259659254449843e-06,637,0.015612745098039216,038,2,Unknown,first,first trials/038_2.csv,4.567986511507824
40800,255.937017,1.6130971528030247,1.0450400174328258,7.835794291912281e-05,1.2628795740776308e-05,1530,0.0375,040,0,Unknown,first,first trials/040_0.csv,4.610780001911867
17556,109.729398,2.6508977352918874,1.897899300397974,0.00013042983458590648,-0.00021716098791930714,303,0.017259056732740943,066,3,Unknown,first,first trials/066_3.csv,4.238026979461428
40800,255.295776,1.8996144219380988,1.1607007469788528,4.594297443335277e-05,1.5537862869875012e-05,939,0.02301470588235294,042,2,Unknown,first,first trials/042_2.csv,4.813558204229988
40800,255.295776,1.8996144219380988,1.1607007469788528,4.594297443335277e-05,1.5537862869875012e-05,939,0.02301470588235294,042,2,Unknown,first,first trials/042_2.csv,4.575050802940922
33920,212.574232,2.818872377677136,1.7033730003338559,7.23056207339901e-05,1.0005495257674255e-05,498,0.014681603773584906,064,1,Unknown,first,first trials/064_1.csv,4.424062702293631
33920,212.192373,1.8479865980810186,1.0840679784256317,3.955463642725088e-05,-3.014788657720737e-06,400,0.01179245283018868,021,1,Unknown,first,first trials/021_1.csv,5.324455849562591
33920,212.192373,1.8479865980810186,1.0840679784256317,3.955463642725088e-05,-3.014788657720737e-06,400,0.01179245283018868,021,1,Unknown,first,first trials/021_1.csv,5.040292912466782
40800,256.25638,2.584969185457631,1.4939749644052174,0.00011827405832070674,2.9739920460419017e-05,558,0.013676470588235293,064,0,Unknown,first,first trials/064_0.csv,4.400005788080913
40800,255.628994,1.7160466254718045,1.0016351091554876,1.4265086461632804e-05,-1.8381528406265763e-05,480,0.011764705882352941,021,0,Unknown,first,first trials/021_0.csv,4.471303197024394
40800,255.628994,1.7160466254718045,1.0016351091554876,1.4265086461632804e-05,-1.8381528406265763e-05,480,0.011764705882352941,021,0,Unknown,first,first trials/021_0.csv,4.61321348897602
33920,212.228025,2.3579220110779593,1.5075488973786655,6.193852329227154e-05,4.088998955841889e-06,784,0.02311320754716981,042,3,Unknown,first,first trials/042_3.csv,4.464519493533267
33920,212.228025,2.3579220110779593,1.5075488973786655,6.193852329227154e-05,4.088998955841889e-06,784,0.02311320754716981,042,3,Unknown,first,first trials/042_3.csv,4.677865081991152
1507,9.38525,2.559622580602601,1.5697181639514468,0.000677452565658812,-0.0008657180610934961,20,0.013271400132714002,066,2,Unknown,first,first trials/066_2.csv,4.1577312472650965
33920,212.77381,1.7446498350262014,1.1949470402846565,4.507733952466304e-05,3.1491082232779915e-06,1247,0.036762971698113205,040,1,Unknown,first,first trials/040_1.csv,4.815815823003881
33920,212.942525,1.8143861795942702,1.0699746649084372,4.866907372818958e-05,1.209819687930987e-05,470,0.013856132075471699,038,1,Unknown,first,first trials/038_1.csv,5.05333240277527
40800,255.809116,1.7767553602386874,1.094652321420826,3.526227040563941e-05,1.865626944138244e-05,700,0.01715686274509804,027,2,Unknown,first,first trials/027_2.csv,4.774925105459913
40800,255.520371,2.3439212317235456,2.5788959237614386,4.2578947341967714e-05,-1.1509058385008297e-05,1367,0.03350490196078432,062,2,Unknown,first,first trials/062_2.csv,4.435990114024875
40800,255.520371,2.3439212317235456,2.5788959237614386,4.2578947341967714e-05,-1.1509058385008297e-05,1367,0.03350490196078432,062,2,Unknown,first,first trials/062_2.csv,4.3255493655065935
33920,231.019231,1.5182311864715785,1.1714116188370798,5.433284849285848e-19,-5.566723412006859e-05,2847,0.08393278301886792,001,1,Unknown,first,first trials/001_1.csv,4.2222029020080925
40800,255.431266,1.7486442020666775,1.1084317291352859,7.644698228585128e-05,1.9891146555334237e-05,410,0.010049019607843138,060,0,Unknown,first,first trials/060_0.csv,4.610325976207012
40800,257.219234,1.7549753508582295,1.1199334839380097,6.806771409380972e-05,6.806771409380909e-05,727,0.017818627450980392,025,0,Unknown,first,first trials/025_0.csv,3.567996746855505
33920,212.038404,3.0702851311483763,1.8953762140164312,3.7507181703318575e-05,-1.4845949011385583e-05,0,0.0,003,3,Unknown,first,first trials/003_3.csv,4.551728663918246
6909,43.139038,3.2743314381301385,1.8720072402997174,0.0006007037020279502,0.0004979281044161254,0,0.0,003,2,Unknown,first,first trials/003_2.csv,4.5973900450420535
17537,213.457747,2.0543132848210055,1.6035364937712246,0.0001489986590799146,8.103571776818472e-05,167,0.009522723384843473,060,1,Unknown,first,first trials/060_1.csv,5.422657062967485
33920,215.54539,1.8881876382591918,1.328440410345755,1.7543618549501294e-18,-0.00013616827974253902,605,0.01783608490566038,025,1,Unknown,first,first trials/025_1.csv,4.0334698403272355
40800,277.011647,1.4428359393886998,1.2153986731060171,-3.7007434154171887e-19,2.884402956133985e-19,3336,0.08176470588235295,001,0,Unknown,first,first trials/001_0.csv,3.4980679099099685
33920,212.962572,1.7910891362660997,1.2861454829778025,8.296640686809547e-05,4.642358386534362e-05,520,0.015330188679245283,027,3,Unknown,first,first trials/027_3.csv,3.959433419749501
33920,212.982706,2.2032388905370426,2.2158086525560448,8.638734137131948e-05,-8.665877688968473e-06,1148,0.03384433962264151,062,3,Unknown,first,first trials/062_3.csv,4.955149695667739
33920,212.982706,2.2032388905370426,2.2158086525560448,8.638734137131948e-05,-8.665877688968473e-06,1148,0.03384433962264151,062,3,Unknown,first,first trials/062_3.csv,4.434990332902964
40800,277.382754,1.6465939771431706,1.6087962217784677,1.928960427418871e-05,-5.484871687580375e-05,3436,0.0842156862745098,001,2,Unknown,first,first trials/001_2.csv,3.618789321177595
33920,212.378131,1.953949550348099,1.4528015969951222,6.0605408182287734e-05,-7.521907567967082e-05,1124,0.03313679245283019,062,1,Unknown,first,first trials/062_1.csv,4.076370301719156
33920,212.378131,1.953949550348099,1.4528015969951222,6.0605408182287734e-05,-7.521907567967082e-05,1124,0.03313679245283019,062,1,Unknown,first,first trials/062_1.csv,5.187524821660691
33920,212.092841,1.9238342571714113,1.3199095985951699,8.48644053042202e-05,6.168741114880259e-05,645,0.019015330188679246,027,1,Unknown,first,first trials/027_1.csv,4.963405000146305
40779,254.853102,2.5472324197391107,1.4270311013988668,5.4054329080883584e-05,-4.930749077707468e-06,0,0.0,003,0,Unknown,first,first trials/003_0.csv,4.021872739343718
33920,217.863441,2.1634538008732243,1.4839594973780579,0.0003081996159237963,-2.2273197943001676e-06,657,0.019369103773584907,025,3,Unknown,first,first trials/025_3.csv,3.8986623243541856
33920,212.91789,2.1227787895035624,1.4596761102158282,3.819366881889109e-05,-1.6496925347867397e-06,358,0.010554245283018867,060,3,Unknown,first,first trials/060_3.csv,4.642943668079517
40800,260.66382,2.263548417625083,1.4127289634901283,0.0002119270921540439,-3.0351863070356e-05,737,0.018063725490196077,025,2,Unknown,first,first trials/025_2.csv,3.5423158814797295
40800,255.888531,2.1487430168606227,1.5714013743851296,8.721044442035109e-05,6.94832590007615e-05,442,0.010833333333333334,060,2,Unknown,first,first trials/060_2.csv,2.702640961575508
33920,211.983354,2.5338743903290544,1.446621073066651,2.3635284581332576e-05,6.0579994828536575e-06,0,0.0,003,1,Unknown,first,first trials/003_1.csv,5.267419728047472
40800,255.46153,1.8380466218639784,1.3160125932301523,0.00010949101609228876,2.4458739660654725e-05,1272,0.031176470588235295,062,0,Unknown,first,first trials/062_0.csv,4.181363466248545
40800,255.46153,1.8380466218639784,1.3160125932301523,0.00010949101609228876,2.4458739660654725e-05,1272,0.031176470588235295,062,0,Unknown,first,first trials/062_0.csv,4.473444744739804
40800,255.191915,1.9404803572541975,1.5048116822770679,3.416509492462901e-05,-2.924297559662218e-05,751,0.01840686274509804,027,0,Unknown,first,first trials/027_0.csv,4.933408848985875
33920,230.891312,1.5493245967817335,1.3224914644146852,5.338629210173663e-05,-2.5811199991221992e-05,2855,0.08416863207547169,001,3,Unknown,first,first trials/001_3.csv,3.8478451765059107
40800,255.588499,1.844557455578286,1.2576220479419118,4.7473065028939554e-05,2.37242564340273e-06,688,0.016862745098039214,029,2,Unknown,repeat,repeats/029_2.csv,4.117957592741264
40800,255.588499,1.844557455578286,1.2576220479419118,4.7473065028939554e-05,2.37242564340273e-06,688,0.016862745098039214,029,2,Unknown,repeat,repeats/029_2.csv,4.229492149158589
33920,212.803256,2.3094299303351553,1.5949266581747257,9.39446275893313e-05,2.2412197951215754e-05,2021,0.059581367924528304,048,3,Unknown,repeat,repeats/048_3.csv,0.0
33920,212.803256,2.3094299303351553,1.5949266581747257,9.39446275893313e-05,2.2412197951215754e-05,2021,0.059581367924528304,048,3,Unknown,repeat,repeats/048_3.csv,5.257223504570902
40800,255.476934,1.877801764331434,1.0785900059499918,8.435945716641352e-06,-3.755094197353267e-05,165,0.004044117647058824,016,0,Unknown,repeat,repeats/016_0.csv,4.67025582102996
40800,255.476934,1.877801764331434,1.0785900059499918,8.435945716641352e-06,-3.755094197353267e-05,165,0.004044117647058824,016,0,Unknown,repeat,repeats/016_0.csv,4.563921536332865
33920,212.291419,1.929095280714764,1.1197353631794527,3.247823943009452e-05,-1.821130370517491e-05,574,0.016922169811320754,032,1,Unknown,repeat,repeats/032_1.csv,4.487130614097664
33920,212.291419,1.929095280714764,1.1197353631794527,3.247823943009452e-05,-1.821130370517491e-05,574,0.016922169811320754,032,1,Unknown,repeat,repeats/032_1.csv,4.898094446635655
40800,256.065573,1.897694635705303,1.1328671674269986,7.811165015678745e-05,4.6965699044195164e-05,698,0.017107843137254903,032,0,Unknown,repeat,repeats/032_0.csv,4.266644792982849
40800,256.065573,1.897694635705303,1.1328671674269986,7.811165015678745e-05,4.6965699044195164e-05,698,0.017107843137254903,032,0,Unknown,repeat,repeats/032_0.csv,4.580795704126238
33920,212.081612,1.891315395965647,1.1354248832976728,9.548995348820054e-05,1.828655155432718e-05,154,0.004540094339622641,016,1,Unknown,repeat,repeats/016_1.csv,4.8172012701846665
33920,212.081612,1.891315395965647,1.1354248832976728,9.548995348820054e-05,1.828655155432718e-05,154,0.004540094339622641,016,1,Unknown,repeat,repeats/016_1.csv,5.281526492997307
40800,255.28726,2.249082159741842,1.537871513641923,2.551122176669919e-05,-5.146573323534139e-05,2412,0.05911764705882353,048,2,Unknown,repeat,repeats/048_2.csv,5.180465194150572
40800,255.28726,2.249082159741842,1.537871513641923,2.551122176669919e-05,-5.146573323534139e-05,2412,0.05911764705882353,048,2,Unknown,repeat,repeats/048_2.csv,5.088830278295861
33920,213.16211,1.9465773823331176,1.3619319238238472,0.00010488662253533484,9.327922197265838e-05,614,0.018101415094339622,029,3,Unknown,repeat,repeats/029_3.csv,3.895028212822001
33920,213.16211,1.9465773823331176,1.3619319238238472,0.00010488662253533484,9.327922197265838e-05,614,0.018101415094339622,029,3,Unknown,repeat,repeats/029_3.csv,4.749197839614177
33920,212.716773,2.060326146686338,1.3063726087826157,8.607447718999703e-05,1.2297330007157158e-05,638,0.018808962264150943,029,1,Unknown,repeat,repeats/029_1.csv,4.339288251256567
33920,212.716773,2.060326146686338,1.3063726087826157,8.607447718999703e-05,1.2297330007157158e-05,638,0.018808962264150943,029,1,Unknown,repeat,repeats/029_1.csv,4.811651953610079
40800,255.983458,1.9843529218215767,1.325350401179616,6.725493059109407e-05,5.459599751282489e-05,2438,0.05975490196078431,048,0,Unknown,repeat,repeats/048_0.csv,4.367185271863437
40800,255.983458,1.9843529218215767,1.325350401179616,6.725493059109407e-05,5.459599751282489e-05,2438,0.05975490196078431,048,0,Unknown,repeat,repeats/048_0.csv,3.9959863276719068
33920,212.34308,1.9545013742551565,1.1194162292596939,4.46791319788625e-05,-1.4315355968295384e-05,109,0.0032134433962264152,016,3,Unknown,repeat,repeats/016_3.csv,5.474684178426924
33920,212.34308,1.9545013742551565,1.1194162292596939,4.46791319788625e-05,-1.4315355968295384e-05,109,0.0032134433962264152,016,3,Unknown,repeat,repeats/016_3.csv,5.348213164656697
40800,255.785207,2.0891037567977264,1.285906464629217,3.480499927876709e-05,1.0658322078969859e-05,713,0.01747549019607843,032,2,Unknown,repeat,repeats/032_2.csv,4.414925793509275
40800,255.785207,2.0891037567977264,1.285906464629217,3.480499927876709e-05,1.0658322078969859e-05,713,0.01747549019607843,032,2,Unknown,repeat,repeats/032_2.csv,4.606556603276484
33920,213.162981,2.04176485345882,1.1813926094854428,0.00011068536853936156,2.6513846707329363e-05,577,0.01701061320754717,032,3,Unknown,repeat,repeats/032_3.csv,3.5959325983246764
33920,213.162981,2.04176485345882,1.1813926094854428,0.00011068536853936156,2.6513846707329363e-05,577,0.01701061320754717,032,3,Unknown,repeat,repeats/032_3.csv,4.9365261194188585
40800,255.549627,1.88038576486735,1.0982448381813448,6.431243387714231e-05,1.6373674731512254e-05,158,0.003872549019607843,016,2,Unknown,repeat,repeats/016_2.csv,4.165967272631198
40800,255.549627,1.88038576486735,1.0982448381813448,6.431243387714231e-05,1.6373674731512254e-05,158,0.003872549019607843,016,2,Unknown,repeat,repeats/016_2.csv,4.6864666689261805
33920,212.304576,2.114318127461185,1.3727790603949528,9.868836654068695e-05,-3.686450575642581e-05,1944,0.05731132075471698,048,1,Unknown,repeat,repeats/048_1.csv,5.423561936400674
33920,212.304576,2.114318127461185,1.3727790603949528,9.868836654068695e-05,-3.686450575642581e-05,1944,0.05731132075471698,048,1,Unknown,repeat,repeats/048_1.csv,5.152258499488643
40800,256.025982,2.062533451649778,1.2224180570934327,9.921383217863685e-05,1.658526043149926e-05,699,0.01713235294117647,029,0,Unknown,repeat,repeats/029_0.csv,3.745977921093255
40800,256.025982,2.062533451649778,1.2224180570934327,9.921383217863685e-05,1.658526043149926e-05,699,0.01713235294117647,029,0,Unknown,repeat,repeats/029_0.csv,4.740578707056064
33920,212.635718,1.5444415090898138,0.9779496612302347,5.060950662073238e-05,1.6910636777448603e-06,710,0.020931603773584904,071,1,Unknown,repeat,repeats/071_1.csv,5.252274146408174
33920,212.635718,1.5444415090898138,0.9779496612302347,5.060950662073238e-05,1.6910636777448603e-06,710,0.020931603773584904,071,1,Unknown,repeat,repeats/071_1.csv,5.181282205342358
81600,568.002696,1.785613761880757,1.074374683644732,2.1682025043506365e-05,-2.3132139746992293e-05,701,0.008590686274509804,057,2,Unknown,repeat,repeats/057_2.csv,4.418374862194287
81600,568.002696,1.785613761880757,1.074374683644732,2.1682025043506365e-05,-2.3132139746992293e-05,701,0.008590686274509804,057,2,Unknown,repeat,repeats/057_2.csv,4.951495700140995
33920,213.109787,1.8166911805455461,1.0842559856499592,0.0001033187160449382,3.412633186327074e-05,311,0.009168632075471698,036,3,Unknown,repeat,repeats/036_3.csv,5.204405051750617
33920,213.109787,1.8166911805455461,1.0842559856499592,0.0001033187160449382,3.412633186327074e-05,311,0.009168632075471698,036,3,Unknown,repeat,repeats/036_3.csv,5.122307430115683
33920,212.549386,2.0367464132308357,1.4119628482305355,-1.348502022834801e-18,-1.790820996431252e-05,431,0.012706367924528303,009,1,Unknown,repeat,repeats/009_1.csv,3.6816156186073083
33920,212.549386,2.0367464132308357,1.4119628482305355,-1.348502022834801e-18,-1.790820996431252e-05,431,0.012706367924528303,009,1,Unknown,repeat,repeats/009_1.csv,2.975638608209851
40800,255.511381,1.7671131981943422,1.0295082987521462,3.504098883832782e-05,-7.315182799575974e-05,539,0.01321078431372549,009,0,Unknown,repeat,repeats/009_0.csv,4.319300595308595
40800,255.511381,1.7671131981943422,1.0295082987521462,3.504098883832782e-05,-7.315182799575974e-05,539,0.01321078431372549,009,0,Unknown,repeat,repeats/009_0.csv,4.480875590174713
40800,255.76165,1.7076184790522861,1.0214265635978368,2.062125940037064e-05,8.561540862583002e-08,411,0.010073529411764705,036,2,Unknown,repeat,repeats/036_2.csv,4.9157629573340245
40800,255.76165,1.7076184790522861,1.0214265635978368,2.062125940037064e-05,8.561540862583002e-08,411,0.010073529411764705,036,2,Unknown,repeat,repeats/036_2.csv,5.164710091987869
40800,255.430959,1.4790649873900688,0.940328418089157,1.9700080650572546e-05,1.2999541413270331e-05,897,0.021985294117647058,071,0,Unknown,repeat,repeats/071_0.csv,4.247728266277249
40800,255.430959,1.4790649873900688,0.940328418089157,1.9700080650572546e-05,1.2999541413270331e-05,897,0.021985294117647058,071,0,Unknown,repeat,repeats/071_0.csv,3.6794230548605547
33920,212.462002,1.86057739935249,1.1147635799073634,0.00011421151396880824,5.6209984027561675e-05,284,0.008372641509433962,057,1,Unknown,repeat,repeats/057_1.csv,5.553177992469927
33920,212.462002,1.86057739935249,1.1147635799073634,0.00011421151396880824,5.6209984027561675e-05,284,0.008372641509433962,057,1,Unknown,repeat,repeats/057_1.csv,5.303428515999315
40800,255.825012,1.5444016123525015,1.0346280712235087,7.87958813231895e-06,-7.908383288291721e-06,907,0.022230392156862747,071,2,Unknown,repeat,repeats/071_2.csv,1.0
40800,255.825012,1.5444016123525015,1.0346280712235087,7.87958813231895e-06,-7.908383288291721e-06,907,0.022230392156862747,071,2,Unknown,repeat,repeats/071_2.csv,4.511683276290814
40800,255.550107,1.7547991087097825,1.0531747954332242,5.4946900055578745e-05,3.20304867507436e-05,380,0.009313725490196078,036,0,Unknown,repeat,repeats/036_0.csv,2.956439459011152
40800,255.550107,1.7547991087097825,1.0531747954332242,5.4946900055578745e-05,3.20304867507436e-05,380,0.009313725490196078,036,0,Unknown,repeat,repeats/036_0.csv,5.116004755194266
40800,255.987979,1.8423376451798248,1.1608262136407774,6.415476743096938e-05,5.718611874776459e-06,564,0.013823529411764707,009,2,Unknown,repeat,repeats/009_2.csv,4.5629585067656215
40800,255.987979,1.8423376451798248,1.1608262136407774,6.415476743096938e-05,5.718611874776459e-06,564,0.013823529411764707,009,2,Unknown,repeat,repeats/009_2.csv,4.302137066911282
33920,212.963339,1.9008827818943785,1.1677829893439629,4.597151979271871e-05,-6.587968289140351e-05,484,0.014268867924528302,009,3,Unknown,repeat,repeats/009_3.csv,5.078831597370166
33920,212.963339,1.9008827818943785,1.1677829893439629,4.597151979271871e-05,-6.587968289140351e-05,484,0.014268867924528302,009,3,Unknown,repeat,repeats/009_3.csv,4.453926605187293
33920,212.504588,2.042177881277251,1.2071380146045114,7.463214852350239e-05,8.57048392363112e-06,341,0.010053066037735849,036,1,Unknown,repeat,repeats/036_1.csv,5.270091135141337
33920,212.504588,2.042177881277251,1.2071380146045114,7.463214852350239e-05,8.57048392363112e-06,341,0.010053066037735849,036,1,Unknown,repeat,repeats/036_1.csv,5.291772681487136
33920,212.839424,1.6426360439253886,1.2381811761930333,9.477319624931578e-05,5.007153214559943e-06,811,0.023909198113207547,071,3,Unknown,repeat,repeats/071_3.csv,4.8597177386196
33920,212.839424,1.6426360439253886,1.2381811761930333,9.477319624931578e-05,5.007153214559943e-06,811,0.023909198113207547,071,3,Unknown,repeat,repeats/071_3.csv,5.198118618228115
40800,255.419117,1.8230412149350437,1.0708332954375008,1.3105558062715716e-05,-3.27147202654294e-05,319,0.007818627450980392,057,0,Unknown,repeat,repeats/057_0.csv,4.84726027737314
40800,255.419117,1.8230412149350437,1.0708332954375008,1.3105558062715716e-05,-3.27147202654294e-05,319,0.007818627450980392,057,0,Unknown,repeat,repeats/057_0.csv,4.272853732343122
40800,255.975521,1.7693825831211714,1.01823393912156,2.2977227533770414e-05,6.875238690549585e-06,361,0.008848039215686275,049,0,Unknown,repeat,repeats/049_0.csv,4.5856254285662565
40800,255.975521,1.7693825831211714,1.01823393912156,2.2977227533770414e-05,6.875238690549585e-06,361,0.008848039215686275,049,0,Unknown,repeat,repeats/049_0.csv,4.745396613254503
33920,212.177568,1.850100763058995,1.063304235009962,0.00012324914947075958,3.1931328176389645e-05,342,0.01008254716981132,049,1,Unknown,repeat,repeats/049_1.csv,5.04985416258347
33920,212.177568,1.850100763058995,1.063304235009962,0.00012324914947075958,3.1931328176389645e-05,342,0.01008254716981132,049,1,Unknown,repeat,repeats/049_1.csv,5.151036323238122
33920,212.627934,2.024189346492567,1.211380841678108,2.9748092164155017e-06,-6.655386013382819e-05,332,0.009787735849056603,049,3,Unknown,repeat,repeats/049_3.csv,4.658899175863764
33920,212.627934,2.024189346492567,1.211380841678108,2.9748092164155017e-06,-6.655386013382819e-05,332,0.009787735849056603,049,3,Unknown,repeat,repeats/049_3.csv,5.100948756238017
40800,255.469218,1.931878934327017,1.1126695515581737,8.45480815247254e-05,4.9353366378979035e-05,379,0.00928921568627451,049,2,Unknown,repeat,repeats/049_2.csv,5.077137840571762
40800,255.469218,1.931878934327017,1.1126695515581737,8.45480815247254e-05,4.9353366378979035e-05,379,0.00928921568627451,049,2,Unknown,repeat,repeats/049_2.csv,4.90412882369159
33920,212.559988,1.9888310956033128,1.4464174255968438,8.763564998794972e-05,2.334991434273626e-05,687,0.020253537735849057,011,3,Unknown,repeat,repeats/011_3.csv,4.897687640395503
33920,212.559988,1.9888310956033128,1.4464174255968438,8.763564998794972e-05,2.334991434273626e-05,687,0.020253537735849057,011,3,Unknown,repeat,repeats/011_3.csv,4.9715904197073035
33920,212.846525,2.0627825575991867,1.2555499392660179,8.370425035686469e-05,-6.684249224154771e-06,360,0.01061320754716981,054,3,Unknown,repeat,repeats/054_3.csv,5.072494549018345
33920,212.846525,2.0627825575991867,1.2555499392660179,8.370425035686469e-05,-6.684249224154771e-06,360,0.01061320754716981,054,3,Unknown,repeat,repeats/054_3.csv,4.850484523489952
40800,255.641091,1.8984025666742117,1.0511268268181533,3.981620737111199e-05,3.3456073426391804e-05,0,0.0,072,0,Unknown,repeat,repeats/072_0.csv,4.044491314318523
37939,238.36317,1.3863168185178025,1.4797349114377407,8.833452756007046e-05,8.833452756007089e-05,14214,0.3746540499222436,056,0,Unknown,repeat,repeats/056_0.csv,4.86139604437834
37939,238.36317,1.3863168185178025,1.4797349114377407,8.833452756007046e-05,8.833452756007089e-05,14214,0.3746540499222436,056,0,Unknown,repeat,repeats/056_0.csv,4.947378465668846
33920,212.438951,1.9516018675224822,1.2036601101701996,1.797929417733035e-05,-1.1091148100788024e-05,0,0.0,072,1,Unknown,repeat,repeats/072_1.csv,4.687631903168228
40800,256.80638,1.9402024058072807,1.3094033463016608,4.462661177414845e-19,-0.00010114030919818893,837,0.020514705882352942,011,2,Unknown,repeat,repeats/011_2.csv,4.692501063858182
40800,256.80638,1.9402024058072807,1.3094033463016608,4.462661177414845e-19,-0.00010114030919818893,837,0.020514705882352942,011,2,Unknown,repeat,repeats/011_2.csv,3.1129126386648642
40800,255.639139,2.225142761964282,1.2690112332343861,5.524155390211343e-05,7.619880832234509e-06,385,0.009436274509803921,054,2,Unknown,repeat,repeats/054_2.csv,4.9884792173079715
40800,255.639139,2.225142761964282,1.2690112332343861,5.524155390211343e-05,7.619880832234509e-06,385,0.009436274509803921,054,2,Unknown,repeat,repeats/054_2.csv,4.480693720365042
40800,255.957036,1.847478850928848,1.0939185884018077,2.510613094060273e-05,-3.812777512649282e-05,387,0.009485294117647059,054,0,Unknown,repeat,repeats/054_0.csv,4.545307109224604
40800,255.957036,1.847478850928848,1.0939185884018077,2.510613094060273e-05,-3.812777512649282e-05,387,0.009485294117647059,054,0,Unknown,repeat,repeats/054_0.csv,4.325817380838299
40800,256.271819,1.6215356960373277,1.8675889765425053,5.475446161474623e-05,5.4754461614744474e-05,16208,0.39725490196078433,056,2,Unknown,repeat,repeats/056_2.csv,4.485421853524927
40800,256.271819,1.6215356960373277,1.8675889765425053,5.475446161474623e-05,5.4754461614744474e-05,16208,0.39725490196078433,056,2,Unknown,repeat,repeats/056_2.csv,5.445579257603497
33920,212.943765,1.6124629831251214,1.8271559839561147,4.8434777786686786e-05,-7.760073509364001e-05,13649,0.4023879716981132,056,3,Unknown,repeat,repeats/056_3.csv,4.022353639010183
33920,212.943765,1.6124629831251214,1.8271559839561147,4.8434777786686786e-05,-7.760073509364001e-05,13649,0.4023879716981132,056,3,Unknown,repeat,repeats/056_3.csv,5.116133514227189
33920,212.372712,2.015348376339992,1.2546498697594088,2.2848731390596252e-05,-2.135589562473919e-05,337,0.009935141509433962,054,1,Unknown,repeat,repeats/054_1.csv,4.738557469777922
33920,212.372712,2.015348376339992,1.2546498697594088,2.2848731390596252e-05,-2.135589562473919e-05,337,0.009935141509433962,054,1,Unknown,repeat,repeats/054_1.csv,5.2220978343581494
33920,212.656461,1.8783755212731246,1.1430057689307087,6.171677456112768e-05,-4.252399552414228e-05,645,0.019015330188679246,011,1,Unknown,repeat,repeats/011_1.csv,5.220954663571017
33920,212.656461,1.8783755212731246,1.1430057689307087,6.171677456112768e-05,-4.252399552414228e-05,645,0.019015330188679246,011,1,Unknown,repeat,repeats/011_1.csv,5.229846793354789
40800,255.953446,3.49929912753973,2.747163916895182,2.6049493866749407e-05,-5.654841775351031e-05,0,0.0,072,2,Unknown,repeat,repeats/072_2.csv,4.0338930435250555
40800,255.886084,1.9195581570636415,1.2124524174758793,3.9628377598959655e-05,-2.089522358488693e-05,958,0.023480392156862744,006,2,Unknown,repeat,repeats/006_2.csv,2.4184370394561245
40800,255.886084,1.9195581570636415,1.2124524174758793,3.9628377598959655e-05,-2.089522358488693e-05,958,0.023480392156862744,006,2,Unknown,repeat,repeats/006_2.csv,3.947704538508224
33920,212.442927,2.015025160585513,1.2201355592036411,6.409903783200374e-05,1.9915252929105464e-05,209,0.006161556603773585,065,1,Unknown,repeat,repeats/065_1.csv,5.365931418883203
33920,212.442927,2.015025160585513,1.2201355592036411,6.409903783200374e-05,1.9915252929105464e-05,209,0.006161556603773585,065,1,Unknown,repeat,repeats/065_1.csv,4.8622556642436345
40800,255.352983,1.7478141131537128,1.1016595424704174,3.3783247770304163e-05,-3.729940386903516e-05,1483,0.03634803921568627,041,0,Unknown,repeat,repeats/041_0.csv,4.563169036038857
40800,255.352983,1.7478141131537128,1.1016595424704174,3.3783247770304163e-05,-3.729940386903516e-05,1483,0.03634803921568627,041,0,Unknown,repeat,repeats/041_0.csv,4.112192158378787
33920,212.257332,1.9113316804015217,1.8360994490612297,2.7583915894537523e-05,-1.6741993494142004e-05,2141,0.0631191037735849,058,1,Unknown,repeat,repeats/058_1.csv,5.005055226498451
33920,212.257332,1.9113316804015217,1.8360994490612297,2.7583915894537523e-05,-1.6741993494142004e-05,2141,0.0631191037735849,058,1,Unknown,repeat,repeats/058_1.csv,4.549798606495467
40800,255.528588,2.215754228264164,2.8850901517105583,7.684953274519207e-05,6.824094559511773e-05,2721,0.06669117647058824,058,0,Unknown,repeat,repeats/058_0.csv,4.367706292669521
40800,255.528588,2.215754228264164,2.8850901517105583,7.684953274519207e-05,6.824094559511773e-05,2721,0.06669117647058824,058,0,Unknown,repeat,repeats/058_0.csv,4.143894194615811
33920,212.613581,1.915923037376625,1.2307695371254934,0.00014657081491539209,4.6849712583706205e-05,1243,0.03664504716981132,041,1,Unknown,repeat,repeats/041_1.csv,5.218186613263378
33920,212.613581,1.915923037376625,1.2307695371254934,0.00014657081491539209,4.6849712583706205e-05,1243,0.03664504716981132,041,1,Unknown,repeat,repeats/041_1.csv,5.167201025955649
40800,255.6857,1.766690324600018,1.01626169556343,3.561721735866476e-05,2.0794878257487794e-05,284,0.00696078431372549,065,0,Unknown,repeat,repeats/065_0.csv,5.034128389982624
40800,255.6857,1.766690324600018,1.01626169556343,3.561721735866476e-05,2.0794878257487794e-05,284,0.00696078431372549,065,0,Unknown,repeat,repeats/065_0.csv,4.832314999166413
33920,213.902912,2.1086225832645105,1.4241671386469528,7.026849518164215e-05,5.916804225889506e-06,814,0.023997641509433964,006,3,Unknown,repeat,repeats/006_3.csv,3.4952701789708334
33920,213.902912,2.1086225832645105,1.4241671386469528,7.026849518164215e-05,5.916804225889506e-06,814,0.023997641509433964,006,3,Unknown,repeat,repeats/006_3.csv,4.530688525980696
40800,255.739235,2.2829169476911675,1.2957493119734094,3.198199330976025e-05,-1.2756839130314933e-05,253,0.006200980392156863,065,2,Unknown,repeat,repeats/065_2.csv,4.946471538452307
40800,255.739235,2.2829169476911675,1.2957493119734094,3.198199330976025e-05,-1.2756839130314933e-05,253,0.006200980392156863,065,2,Unknown,repeat,repeats/065_2.csv,4.931422823593804
33920,212.384675,2.214147557964781,1.3660490797138014,0.00010334926861758799,-1.519552695889967e-05,754,0.02222877358490566,006,1,Unknown,repeat,repeats/006_1.csv,3.0701962638956255
33920,212.384675,2.214147557964781,1.3660490797138014,0.00010334926861758799,-1.519552695889967e-05,754,0.02222877358490566,006,1,Unknown,repeat,repeats/006_1.csv,4.8206946549110175
33920,212.786219,3.6449764962442255,2.2437554369786143,2.559814283764653e-05,-5.56057140697386e-05,1260,0.03714622641509434,041,3,Unknown,repeat,repeats/041_3.csv,4.666660006301877
33920,212.786219,3.6449764962442255,2.2437554369786143,2.559814283764653e-05,-5.56057140697386e-05,1260,0.03714622641509434,041,3,Unknown,repeat,repeats/041_3.csv,4.309059302795461
40800,255.60026,2.085398870263057,2.636447696313463,6.40764821671489e-05,-2.9614406581239316e-05,2751,0.0674264705882353,058,2,Unknown,repeat,repeats/058_2.csv,3.7117909143209284
40800,255.60026,2.085398870263057,2.636447696313463,6.40764821671489e-05,-2.9614406581239316e-05,2751,0.0674264705882353,058,2,Unknown,repeat,repeats/058_2.csv,3.657400466524072
33920,213.626223,1.8595336346594826,1.8237354366418002,0.00022747214810123987,9.784542811611044e-05,2169,0.06394457547169811,058,3,Unknown,repeat,repeats/058_3.csv,4.458511756616893
33920,213.626223,1.8595336346594826,1.8237354366418002,0.00022747214810123987,9.784542811611044e-05,2169,0.06394457547169811,058,3,Unknown,repeat,repeats/058_3.csv,3.85835655624268
40800,255.376755,4.3184945304007885,2.864024411191525,3.15460996252823e-05,-0.00011524365228949397,1556,0.038137254901960786,041,2,Unknown,repeat,repeats/041_2.csv,4.889964072109738
40800,255.376755,4.3184945304007885,2.864024411191525,3.15460996252823e-05,-0.00011524365228949397,1556,0.038137254901960786,041,2,Unknown,repeat,repeats/041_2.csv,3.9451533982062803
40800,255.637664,1.9886986803675202,1.2641583895557207,1.2500474680147532e-05,-9.368668623647355e-06,960,0.023529411764705882,006,0,Unknown,repeat,repeats/006_0.csv,2.9914895985217798
40800,255.637664,1.9886986803675202,1.2641583895557207,1.2500474680147532e-05,-9.368668623647355e-06,960,0.023529411764705882,006,0,Unknown,repeat,repeats/006_0.csv,4.207621290279155
22993,212.145717,2.7206896686916004,1.6657193965301846,6.0474962479775205e-05,-2.3590136995423733e-05,166,0.00721958857043448,065,3,Unknown,repeat,repeats/065_3.csv,4.902495614864048
22993,212.145717,2.7206896686916004,1.6657193965301846,6.0474962479775205e-05,-2.3590136995423733e-05,166,0.00721958857043448,065,3,Unknown,repeat,repeats/065_3.csv,4.88253368985117
40800,256.084457,1.6174261061924042,0.9760607844406144,2.1743763342203766e-05,-1.4391577937037467e-05,1013,0.02482843137254902,047,0,Unknown,repeat,repeats/047_0.csv,4.689261505195279
40800,256.084457,1.6174261061924042,0.9760607844406144,2.1743763342203766e-05,-1.4391577937037467e-05,1013,0.02482843137254902,047,0,Unknown,repeat,repeats/047_0.csv,4.788413776862106
33920,212.299402,1.6937586253533716,1.0291257258048128,8.294019096204863e-05,4.691040038421639e-05,822,0.024233490566037737,047,1,Unknown,repeat,repeats/047_1.csv,5.542958354932191
33920,212.299402,1.6937586253533716,1.0291257258048128,8.294019096204863e-05,4.691040038421639e-05,822,0.024233490566037737,047,1,Unknown,repeat,repeats/047_1.csv,5.248377028095639
33920,212.94996,1.797536785285364,1.2100581136384458,1.3354097701859195e-18,-7.530817814305744e-05,969,0.028567216981132074,047,3,Unknown,repeat,repeats/047_3.csv,4.922738704919638
33920,212.94996,1.797536785285364,1.2100581136384458,1.3354097701859195e-18,-7.530817814305744e-05,969,0.028567216981132074,047,3,Unknown,repeat,repeats/047_3.csv,4.635451142903676
16633,104.067999,2.3743428033389002,1.5573889310553488,0.00010997487065510747,-5.1501756278165886e-05,449,0.026994528948475923,047,2,Unknown,repeat,repeats/047_2.csv,4.487980374107217
16633,104.067999,2.3743428033389002,1.5573889310553488,0.00010997487065510747,-5.1501756278165886e-05,449,0.026994528948475923,047,2,Unknown,repeat,repeats/047_2.csv,0.0
17122,255.579987,2.0081549643056493,1.8577063677298888,7.590138188739678e-05,-0.0001159709432729204,1204,0.07031888798037612,021,2,Unknown,repeat,repeats/021_2.csv,4.078355930620601
17122,255.579987,2.0081549643056493,1.8577063677298888,7.590138188739678e-05,-0.0001159709432729204,1204,0.07031888798037612,021,2,Unknown,repeat,repeats/021_2.csv,4.1451579907567515
33920,212.643189,2.080130820493224,1.2954062494491638,-5.302362322797033e-19,-2.5671297731973063e-05,1057,0.031161556603773583,042,1,Unknown,repeat,repeats/042_1.csv,4.447713106231674
33920,212.643189,2.080130820493224,1.2954062494491638,-5.302362322797033e-19,-2.5671297731973063e-05,1057,0.031161556603773583,042,1,Unknown,repeat,repeats/042_1.csv,4.901012957383893
40800,255.928261,1.9847886597479827,1.202135862520052,0.00012872761031960963,-5.9539979292911405e-05,1296,0.03176470588235294,042,0,Unknown,repeat,repeats/042_0.csv,4.339407977536655
40800,255.928261,1.9847886597479827,1.202135862520052,0.00012872761031960963,-5.9539979292911405e-05,1296,0.03176470588235294,042,0,Unknown,repeat,repeats/042_0.csv,4.6692269968501
33920,212.568148,2.4246763104296436,1.8746804574417468,6.763970617067725e-05,2.5646869131075247e-05,2424,0.0714622641509434,021,3,Unknown,repeat,repeats/021_3.csv,5.1456427728325345
33920,212.568148,2.4246763104296436,1.8746804574417468,6.763970617067725e-05,2.5646869131075247e-05,2424,0.0714622641509434,021,3,Unknown,repeat,repeats/021_3.csv,4.802262172431784
40800,255.464825,2.3064880863159742,1.4885648222630778,6.416464508719679e-05,-2.1528751413133207e-05,1370,0.03357843137254902,042,2,Unknown,repeat,repeats/042_2.csv,4.813558204229988
40800,255.464825,2.3064880863159742,1.4885648222630778,6.416464508719679e-05,-2.1528751413133207e-05,1370,0.03357843137254902,042,2,Unknown,repeat,repeats/042_2.csv,4.575050802940922
33920,211.979766,2.9455932803366185,1.9306037409750676,0.0002131472612112787,4.144810103614084e-05,2542,0.07494103773584905,021,1,Unknown,repeat,repeats/021_1.csv,5.324455849562591
33920,211.979766,2.9455932803366185,1.9306037409750676,0.0002131472612112787,4.144810103614084e-05,2542,0.07494103773584905,021,1,Unknown,repeat,repeats/021_1.csv,5.040292912466782
40800,255.955133,1.8601960787997585,1.2855162996187155,1.6000273001950786e-18,-4.182539112443434e-05,2831,0.06938725490196078,021,0,Unknown,repeat,repeats/021_0.csv,4.471303197024394
40800,255.955133,1.8601960787997585,1.2855162996187155,1.6000273001950786e-18,-4.182539112443434e-05,2831,0.06938725490196078,021,0,Unknown,repeat,repeats/021_0.csv,4.61321348897602
33920,212.904179,2.193578248032601,1.4645380127639482,4.416612981595257e-05,-3.863762222803761e-05,1079,0.03181014150943396,042,3,Unknown,repeat,repeats/042_3.csv,4.464519493533267
33920,212.904179,2.193578248032601,1.4645380127639482,4.416612981595257e-05,-3.863762222803761e-05,1079,0.03181014150943396,042,3,Unknown,repeat,repeats/042_3.csv,4.677865081991152
40800,255.40958,1.7367025396681859,1.447944009437127,8.62891644863809e-06,-4.056074913987377e-06,1560,0.03823529411764706,062,2,Unknown,repeat,repeats/062_2.csv,4.435990114024875
40800,255.40958,1.7367025396681859,1.447944009437127,8.62891644863809e-06,-4.056074913987377e-06,1560,0.03823529411764706,062,2,Unknown,repeat,repeats/062_2.csv,4.3255493655065935
33920,213.221559,1.9196353732137346,1.9124131797120478,5.8724325345586906e-05,1.8374647323240448e-05,1330,0.03920990566037736,062,3,Unknown,repeat,repeats/062_3.csv,4.955149695667739
33920,213.221559,1.9196353732137346,1.9124131797120478,5.8724325345586906e-05,1.8374647323240448e-05,1330,0.03920990566037736,062,3,Unknown,repeat,repeats/062_3.csv,4.434990332902964
33920,212.484722,1.9118651218715441,1.2521993025534797,0.00010526042679752399,-1.5227355336506244e-05,1240,0.036556603773584904,062,1,Unknown,repeat,repeats/062_1.csv,4.076370301719156
33920,212.484722,1.9118651218715441,1.2521993025534797,0.00010526042679752399,-1.5227355336506244e-05,1240,0.036556603773584904,062,1,Unknown,repeat,repeats/062_1.csv,5.187524821660691
40800,256.266146,1.6491673585984294,1.0670335455386393,0.00012187196863423517,0.00012187196863423556,1487,0.03644607843137255,062,0,Unknown,repeat,repeats/062_0.csv,4.181363466248545
40800,256.266146,1.6491673585984294,1.0670335455386393,0.00012187196863423517,0.00012187196863423556,1487,0.03644607843137255,062,0,Unknown,repeat,repeats/062_0.csv,4.473444744739804
