duration_samples,duration_time,mean_velocity,std_velocity,mean_acceleration,mean_jerk,blink_count,blink_rate,participant_id,trial_number,condition,trial_type,file_path,gaze_entropy,fixation_ratio,rolling_entropy_std,rolling_blink_std
7450,46.543963,2.118361042477217,1.5296663144613076,0.0004382280081553,6.622814198515546e-05,0,0.0,29,2,Unknown,first,first trials/029_2.csv,4.117957592741264,0.0,0.608698959014208,0.0
7450,46.543963,2.118361042477217,1.5296663144613076,0.0004382280081553,6.622814198515546e-05,0,0.0,29,2,Unknown,first,first trials/029_2.csv,4.229492149158589,0.0,0.608698959014208,0.0
40800,255.179596,3.0875060732383623,1.681901042832359,6.200550921359973e-05,-2.445610993191503e-06,0,0.0,16,0,Unknown,first,first trials/016_0.csv,4.67025582102996,0.0,0.17328208135909345,0.0
40800,255.179596,3.0875060732383623,1.681901042832359,6.200550921359973e-05,-2.445610993191503e-06,0,0.0,16,0,Unknown,first,first trials/016_0.csv,4.563921536332865,0.0,0.17328208135909345,0.0
40800,256.083534,2.315275001166719,1.5558689734904798,2.675012980357636e-05,-6.952909867161491e-05,2297,0.0562990196078431,53,0,Unknown,first,first trials/053_0.csv,5.081766169258051,0.0,0.46617755739386835,0.01340888516968039
33920,212.55913,1.5084561219996115,1.000382689555984,8.163829563653304e-05,1.5434528312416514e-05,1505,0.0443691037735849,32,1,Unknown,first,first trials/032_1.csv,4.487130614097664,0.0,0.6486394583386,0.011189626955883714
33920,212.55913,1.5084561219996115,1.000382689555984,8.163829563653304e-05,1.5434528312416514e-05,1505,0.0443691037735849,32,1,Unknown,first,first trials/032_1.csv,4.898094446635655,0.0,0.6486394583386,0.011189626955883714
40800,255.159053,2.3839500639221622,1.4562833305715024,5.219127229691747e-05,1.0188662132667077e-07,1337,0.0327696078431372,51,2,Unknown,first,first trials/051_2.csv,4.294917862561126,0.0,0.33116908501609466,0.011271922703186525
33920,212.10558,2.5298668783215907,1.5031283580433037,3.39942095284441e-05,-0.000134300400605,1123,0.0331073113207547,51,3,Unknown,first,first trials/051_3.csv,5.078810657452928,0.0,0.24398356651313483,0.009030885649068263
40800,256.183537,1.4870193098218298,0.9654317275697454,3.1426774547722265e-05,2.4243032387547645e-05,1876,0.0459803921568627,32,0,Unknown,first,first trials/032_0.csv,4.266644792982849,1.0,0.5299453806930456,0.012061570440099477
40800,256.183537,1.4870193098218298,0.9654317275697454,3.1426774547722265e-05,2.4243032387547645e-05,1876,0.0459803921568627,32,0,Unknown,first,first trials/032_0.csv,4.580795704126238,1.0,0.5299453806930456,0.012061570440099477
33920,212.009155,4.140422867319774,2.679874262903537,8.25146776527572e-05,-0.0001108931532093,0,0.0,16,1,Unknown,first,first trials/016_1.csv,4.8172012701846665,0.0,0.18533795681957346,0.0
33920,212.009155,4.140422867319774,2.679874262903537,8.25146776527572e-05,-0.0001108931532093,0,0.0,16,1,Unknown,first,first trials/016_1.csv,5.281526492997307,0.0,0.18533795681957346,0.0
33920,212.508733,2.49090373186659,1.7769793571410453,8.467897424252749e-05,-1.513338526826828e-05,1957,0.0576945754716981,53,1,Unknown,first,first trials/053_1.csv,5.391843674006971,0.0,0.6359173357965046,0.01409257882453405
40800,255.481211,1.9142744737851685,1.3495975935243305,3.340505073632147e-05,-5.1945451851490895e-06,1826,0.0447549019607843,48,2,Unknown,first,first trials/048_2.csv,5.180465194150572,0.0,0.4112008472441306,0.013220925343598878
40800,255.481211,1.9142744737851685,1.3495975935243305,3.340505073632147e-05,-5.1945451851490895e-06,1826,0.0447549019607843,48,2,Unknown,first,first trials/048_2.csv,5.088830278295861,0.0,0.4112008472441306,0.013220925343598878
33819,211.48758,2.161494598304412,2.2209901578974964,6.479765802848407e-05,-8.962369399966033e-06,0,0.0,29,3,Unknown,first,first trials/029_3.csv,3.895028212822001,0.0,0.887802413294341,0.0
33819,211.48758,2.161494598304412,2.2209901578974964,6.479765802848407e-05,-8.962369399966033e-06,0,0.0,29,3,Unknown,first,first trials/029_3.csv,4.749197839614177,0.0,0.887802413294341,0.0
33895,212.347056,1.694139212519743,1.6782743080978932,2.9143804571404135e-05,-6.382406294242131e-06,0,0.0,29,1,Unknown,first,first trials/029_1.csv,4.339288251256567,0.0,0.9594190329205495,0.0
33895,212.347056,1.694139212519743,1.6782743080978932,2.9143804571404135e-05,-6.382406294242131e-06,0,0.0,29,1,Unknown,first,first trials/029_1.csv,4.811651953610079,0.0,0.9594190329205495,0.0
7458,46.573715,1.7796568277000058,1.3576282702999805,0.0004495052713191,0.000212940142848,304,0.0407615982837221,48,0,Unknown,first,first trials/048_0.csv,4.367185271863437,0.0,0.5348249861209069,0.01078184274169166
7458,46.573715,1.7796568277000058,1.3576282702999805,0.0004495052713191,0.000212940142848,304,0.0407615982837221,48,0,Unknown,first,first trials/048_0.csv,3.9959863276719063,0.0,0.5348249861209069,0.01078184274169166
33920,213.254477,1.637179884983366,0.9665380406377524,3.269274593557709e-05,-2.2632599204156795e-05,24,0.0007075471698113,16,3,Unknown,first,first trials/016_3.csv,5.474684178426924,0.0,0.3520008780589895,0.0015006604533306083
33920,213.254477,1.637179884983366,0.9665380406377524,3.269274593557709e-05,-2.2632599204156795e-05,24,0.0007075471698113,16,3,Unknown,first,first trials/016_3.csv,5.348213164656697,0.0,0.3520008780589895,0.0015006604533306083
33920,212.431048,2.45949300574097,1.5607023162364104,9.134441619610396e-05,1.0256357072406832e-05,1148,0.0338443396226415,51,1,Unknown,first,first trials/051_1.csv,4.957131662690274,0.0,0.40199089358088674,0.011560336112276049
40800,255.398628,1.6048293211810112,1.1248699593409277,2.7118974472931503e-05,-1.3300532733676447e-05,1961,0.048063725490196,32,2,Unknown,first,first trials/032_2.csv,4.414925793509275,0.0,0.44160228050697087,0.013010260568058315
40800,255.398628,1.6048293211810112,1.1248699593409277,2.7118974472931503e-05,-1.3300532733676447e-05,1961,0.048063725490196,32,2,Unknown,first,first trials/032_2.csv,4.606556603276484,0.0,0.44160228050697087,0.013010260568058315
33920,213.286774,1.6337572247370575,1.3214505739454905,3.2062380385158795e-05,1.1304361662472367e-05,1548,0.0456367924528301,32,3,Unknown,first,first trials/032_3.csv,3.5959325983246764,0.0,0.5648539607158685,0.012282160008623226
33920,213.286774,1.6337572247370575,1.3214505739454905,3.2062380385158795e-05,1.1304361662472367e-05,1548,0.0456367924528301,32,3,Unknown,first,first trials/032_3.csv,4.9365261194188585,0.0,0.5648539607158685,0.012282160008623226
40800,255.568834,2.321948015607862,1.394975045744457,0.0001235069002749,-1.856994953024291e-05,1428,0.035,51,0,Unknown,first,first trials/051_0.csv,4.785447705945831,0.0,0.3595257465465569,0.011445822762499969
40800,256.23743,1.5669139967805512,0.947246067796146,3.457346396719454e-05,-2.4195804228024646e-06,33,0.0008088235294117,16,2,Unknown,first,first trials/016_2.csv,4.165967272631198,0.0,0.48418896712687887,0.0016463785756216942
40800,256.23743,1.5669139967805512,0.947246067796146,3.457346396719454e-05,-2.4195804228024646e-06,33,0.0008088235294117,16,2,Unknown,first,first trials/016_2.csv,4.6864666689261805,0.0,0.48418896712687887,0.0016463785756216942
33920,212.32478,1.8685730285936089,1.3055222613065192,9.658772295865418e-05,3.640437890081738e-05,1487,0.0438384433962264,48,1,Unknown,first,first trials/048_1.csv,5.423561936400674,0.0,0.5377803095672842,0.01284673467182345
33920,212.32478,1.8685730285936089,1.3055222613065192,9.658772295865418e-05,3.640437890081738e-05,1487,0.0438384433962264,48,1,Unknown,first,first trials/048_1.csv,5.152258499488643,0.0,0.5377803095672842,0.01284673467182345
40792,255.77896,1.9523001574395036,1.8168301524616868,3.153590468827131e-05,7.264551367525333e-06,0,0.0,29,0,Unknown,first,first trials/029_0.csv,3.745977921093255,0.0,0.978096294150991,0.0
40792,255.77896,1.9523001574395036,1.8168301524616868,3.153590468827131e-05,7.264551367525333e-06,0,0.0,29,0,Unknown,first,first trials/029_0.csv,4.740578707056064,0.0,0.978096294150991,0.0
33920,212.184025,1.7244077694269124,1.2159633135515198,3.384943942188542e-05,-1.0903346252443574e-05,0,0.0,34,1,Unknown,first,first trials/034_1.csv,4.571878700914942,0.0,0.842273690302811,0.0
33920,212.296455,1.7583826399675129,1.0582153542776755,5.604365694105959e-05,2.0772620928382466e-05,0,0.0,71,1,Unknown,first,first trials/071_1.csv,5.252274146408174,0.0,0.6738221713256723,0.0
33920,212.296455,1.7583826399675129,1.0582153542776755,5.604365694105959e-05,2.0772620928382466e-05,0,0.0,71,1,Unknown,first,first trials/071_1.csv,5.181282205342358,0.0,0.6738221713256723,0.0
40800,255.734441,2.412725730082138,1.6328814625224657,9.75867684188873e-05,4.853670978355641e-05,390,0.0095588235294117,57,2,Unknown,first,first trials/057_2.csv,4.418374862194287,0.0,0.7487689115679681,0.005379430416404535
40800,255.734441,2.412725730082138,1.6328814625224657,9.75867684188873e-05,4.853670978355641e-05,390,0.0095588235294117,57,2,Unknown,first,first trials/057_2.csv,4.951495700140995,0.0,0.7487689115679681,0.005379430416404535
33920,213.426321,1.6869672574676866,1.096940171720717,3.9094529205230055e-05,-5.674901880620254e-05,457,0.0134728773584905,36,3,Unknown,first,first trials/036_3.csv,5.204405051750617,0.0,0.5325763678932149,0.00677477797596302
33920,213.426321,1.6869672574676866,1.096940171720717,3.9094529205230055e-05,-5.674901880620254e-05,457,0.0134728773584905,36,3,Unknown,first,first trials/036_3.csv,5.122307430115683,0.0,0.5325763678932149,0.00677477797596302
33912,212.776135,2.489582305430323,1.4648222863686386,6.037590474985757e-05,-6.197699132465555e-05,0,0.0,9,1,Unknown,first,first trials/009_1.csv,3.681615618607308,0.0,0.3802244664088614,0.0
33912,212.776135,2.489582305430323,1.4648222863686386,6.037590474985757e-05,-6.197699132465555e-05,0,0.0,9,1,Unknown,first,first trials/009_1.csv,2.975638608209851,0.0,0.3802244664088614,0.0
40800,259.322406,2.0433654983289355,1.1314715935065496,5.2616458893795866e-05,1.2704209377135484e-05,0,0.0,9,0,Unknown,first,first trials/009_0.csv,4.319300595308595,0.0,0.4835574791971003,0.0
40800,259.322406,2.0433654983289355,1.1314715935065496,5.2616458893795866e-05,1.2704209377135484e-05,0,0.0,9,0,Unknown,first,first trials/009_0.csv,4.480875590174713,0.0,0.4835574791971003,0.0
40800,256.08519,1.7329991783156562,1.098797043252852,6.760705989682489e-06,-1.1721142544451308e-05,539,0.0132107843137254,36,2,Unknown,first,first trials/036_2.csv,4.9157629573340245,0.0,0.39944749751944103,0.00667827065095184
40800,256.08519,1.7329991783156562,1.098797043252852,6.760705989682489e-06,-1.1721142544451308e-05,539,0.0132107843137254,36,2,Unknown,first,first trials/036_2.csv,5.164710091987869,0.0,0.39944749751944103,0.00667827065095184
33920,213.430054,2.8659807407222115,2.054597724373142,3.328473292062297e-05,-4.559018287062095e-05,358,0.0105542452830188,57,3,Unknown,first,first trials/057_3.csv,4.7572442808328725,0.0,0.5463533670819024,0.005483552861934282
40800,256.052874,1.5873163411810562,0.9628383173280164,5.561808907230927e-05,9.080455056190652e-06,0,0.0,71,0,Unknown,first,first trials/071_0.csv,4.247728266277249,0.0,0.6456137354209587,0.0
40800,256.052874,1.5873163411810562,0.9628383173280164,5.561808907230927e-05,9.080455056190652e-06,0,0.0,71,0,Unknown,first,first trials/071_0.csv,3.679423054860554,0.0,0.6456137354209587,0.0
33920,212.91239,2.4891185526039634,1.4349829559937863,5.794857556909458e-05,2.077122320680153e-05,355,0.0104658018867924,57,1,Unknown,first,first trials/057_1.csv,5.553177992469927,0.0,0.39627279820191036,0.0050924058337342825
33920,212.91239,2.4891185526039634,1.4349829559937863,5.794857556909458e-05,2.077122320680153e-05,355,0.0104658018867924,57,1,Unknown,first,first trials/057_1.csv,5.303428515999315,0.0,0.39627279820191036,0.0050924058337342825
2,48.035683,7.697001696167111,7.697001696167111,7.697001696167111,7.697001696167111,0,0.0,71,2,Unknown,first,first trials/071_2.csv,1.0,0.0,,
2,48.035683,7.697001696167111,7.697001696167111,7.697001696167111,7.697001696167111,0,0.0,71,2,Unknown,first,first trials/071_2.csv,4.511683276290814,0.0,,
40800,255.782511,1.5997492359345216,1.1070228821393582,3.7350439936643606e-05,-1.96105400956865e-06,0,0.0,34,2,Unknown,first,first trials/034_2.csv,4.435315415310533,0.0,0.5909875785444881,0.0
40796,261.972179,1.6569270352094263,1.1002742955189688,0.0002012662942029,4.141967257250102e-05,532,0.0130404941660947,36,0,Unknown,first,first trials/036_0.csv,2.956439459011152,0.0,0.5479752251663846,0.006957269364675376
40796,261.972179,1.6569270352094263,1.1002742955189688,0.0002012662942029,4.141967257250102e-05,532,0.0130404941660947,36,0,Unknown,first,first trials/036_0.csv,5.116004755194266,0.0,0.5479752251663846,0.006957269364675376
40800,256.200517,1.9552032358503744,1.1887291649368097,3.505120605421757e-05,2.2022931300556906e-05,0,0.0,9,2,Unknown,first,first trials/009_2.csv,4.5629585067656215,0.0,0.3770163317807875,0.0
40800,256.200517,1.9552032358503744,1.1887291649368097,3.505120605421757e-05,2.2022931300556906e-05,0,0.0,9,2,Unknown,first,first trials/009_2.csv,4.302137066911282,0.0,0.3770163317807875,0.0
24342,213.151702,2.1713214061075368,1.4443881453513687,8.745531250511031e-05,7.485027002349509e-05,0,0.0,9,3,Unknown,first,first trials/009_3.csv,5.078831597370166,0.0,0.4085813851246651,0.0
24342,213.151702,2.1713214061075368,1.4443881453513687,8.745531250511031e-05,7.485027002349509e-05,0,0.0,9,3,Unknown,first,first trials/009_3.csv,4.453926605187293,0.0,0.4085813851246651,0.0
33920,212.987324,1.751133199981235,1.098890145172715,7.878489172269701e-05,-2.812793280191548e-05,471,0.0138856132075471,36,1,Unknown,first,first trials/036_1.csv,5.270091135141337,0.0,0.5551933442335009,0.006820732632520467
33920,212.987324,1.751133199981235,1.098890145172715,7.878489172269701e-05,-2.812793280191548e-05,471,0.0138856132075471,36,1,Unknown,first,first trials/036_1.csv,5.291772681487136,0.0,0.5551933442335009,0.006820732632520467
33920,214.801615,2.019151140181118,1.1743349078561094,5.686032625006372e-05,-1.1064657302390496e-05,0,0.0,71,3,Unknown,first,first trials/071_3.csv,4.8597177386196,0.0,0.35980664266235757,0.0
33920,214.801615,2.019151140181118,1.1743349078561094,5.686032625006372e-05,-1.1064657302390496e-05,0,0.0,71,3,Unknown,first,first trials/071_3.csv,5.198118618228115,0.0,0.35980664266235757,0.0
40800,256.3048,2.0810658141762786,1.1948119818855834,0.000101403387353,3.41129668393497e-05,389,0.0095343137254901,57,0,Unknown,first,first trials/057_0.csv,4.84726027737314,0.0,0.4267204549040316,0.00574391257125981
40800,256.3048,2.0810658141762786,1.1948119818855834,0.000101403387353,3.41129668393497e-05,389,0.0095343137254901,57,0,Unknown,first,first trials/057_0.csv,4.272853732343122,0.0,0.4267204549040316,0.00574391257125981
33920,212.912772,1.7437967053321863,0.9939224561550284,7.592345878969251e-05,-9.191185928354324e-06,32,0.000943396226415,50,1,Unknown,first,first trials/050_1.csv,5.172341720910066,0.0,0.4616627804283621,0.001731641312264209
33920,212.513356,1.9538042575552723,1.4234243431441715,2.265061354531812e-05,-9.532807740070628e-06,553,0.0163030660377358,15,1,Unknown,first,first trials/015_1.csv,5.459832953332466,0.0,0.7343539651713641,0.0071142223508619575
40800,255.676391,2.217979999846676,1.3672335959534905,6.946872581074464e-05,3.116087324048391e-05,813,0.0199264705882352,33,2,Unknown,first,first trials/033_2.csv,4.748273422400519,0.0,0.34894457336726953,0.009193544583170492
33920,212.030933,1.7003898455666009,1.3566301460429242,4.842591977555361e-05,2.90482294173623e-05,1080,0.0318396226415094,17,3,Unknown,first,first trials/017_3.csv,5.222804144685466,0.0,0.7279658723228254,0.010660931838685323
33920,213.06181,1.7966779185896753,1.35387204001564,6.569109034364471e-06,3.78291710099796e-06,427,0.0125884433962264,52,3,Unknown,first,first trials/052_3.csv,4.842069766681055,0.0,0.9532729057634283,0.006360746653424686
40800,255.985995,1.937744258539918,1.2451777846371768,4.612728609277389e-05,-1.837852150664676e-05,451,0.0110539215686274,31,0,Unknown,first,first trials/031_0.csv,4.250711785985692,0.0,0.6641315630558615,0.006558054439914678
40800,256.331403,1.6173167474649617,0.9756137412276656,5.128258240386591e-05,1.673201557181317e-05,668,0.0163725490196078,49,0,Unknown,first,first trials/049_0.csv,4.5856254285662565,0.0,0.44813141542332247,0.007249510544841305
40800,256.331403,1.6173167474649617,0.9756137412276656,5.128258240386591e-05,1.673201557181317e-05,668,0.0163725490196078,49,0,Unknown,first,first trials/049_0.csv,4.745396613254503,0.0,0.44813141542332247,0.007249510544841305
33920,212.52759,1.7785396205081925,1.1141680701643517,7.255797616470906e-05,4.333399330083109e-06,664,0.0195754716981132,28,1,Unknown,first,first trials/028_1.csv,4.850764663483592,0.0,0.5550454003462012,0.00763128611058703
40800,255.862139,1.7072311998694432,1.0746161103171783,6.8193112555766e-05,2.362168569457739e-05,767,0.0187990196078431,28,0,Unknown,first,first trials/028_0.csv,4.22900310444059,0.0,0.581212930551161,0.007153423499560219
33920,212.905704,1.7735448840514532,1.1274022093511191,6.346243097487144e-05,-2.084597965438815e-05,589,0.0173643867924528,49,1,Unknown,first,first trials/049_1.csv,5.04985416258347,0.0,0.46640802653478514,0.0070180456738581825
33920,212.905704,1.7735448840514532,1.1274022093511191,6.346243097487144e-05,-2.084597965438815e-05,589,0.0173643867924528,49,1,Unknown,first,first trials/049_1.csv,5.151036323238122,0.0,0.46640802653478514,0.0070180456738581825
33920,212.356687,2.132475236010764,1.4848756873894176,1.379006204653784e-05,-3.80912458024072e-05,356,0.0104952830188679,31,1,Unknown,first,first trials/031_1.csv,3.385346015140732,0.0,0.6151642863752873,0.005682889132859473
40800,255.023743,1.5925404711245343,1.246831285600272,6.0531089596188006e-05,2.5410569907311416e-05,1205,0.0295343137254901,17,2,Unknown,first,first trials/017_2.csv,4.210763097694793,0.0,0.7732549358878033,0.010100727268767566
40800,255.305813,1.6852529619117975,1.215386236564669,5.206393537577451e-05,-1.5826772062230334e-05,488,0.0119607843137254,52,2,Unknown,first,first trials/052_2.csv,4.376611572907838,0.0,0.8588298186849074,0.0064571559984150685
33920,213.389349,2.103784691813991,1.3341304298938874,0.0001200981681412,5.235688612297576e-05,655,0.0193101415094339,33,3,Unknown,first,first trials/033_3.csv,4.420654560949379,0.0,0.3587754539411238,0.00820292405398688
40800,256.449088,1.66170181651492,0.9395124822227412,3.093420086686527e-05,3.093420086686704e-05,46,0.0011274509803921,50,0,Unknown,first,first trials/050_0.csv,4.86928182456559,0.0,0.5237885610724127,0.0016728281171312913
40800,260.692336,1.8448301480340124,1.3342356772996355,5.980544410294432e-05,5.980544410294431e-05,710,0.0174019607843137,15,0,Unknown,first,first trials/015_0.csv,3.621982389290024,0.0,0.738709982506319,0.006966901959127405
33920,212.43942,1.8883898597528608,1.1702996691938878,8.255460151220792e-06,-0.0001230544455117,656,0.0193396226415094,33,1,Unknown,first,first trials/033_1.csv,4.98509958915881,0.0,0.4894622870631871,0.008415924550774329
40800,255.41984,1.8380394055858784,1.1429870372042596,5.351402935605608e-05,4.551572410006528e-05,666,0.0163235294117647,15,2,Unknown,first,first trials/015_2.csv,4.491251580677713,0.0,0.5334713684462898,0.006820806097801589
40800,256.21791,1.7141734087386349,0.9581861384575928,4.277283699833662e-05,-4.517469892805291e-07,51,0.00125,50,2,Unknown,first,first trials/050_2.csv,4.785806697589503,0.0,0.5029359396553427,0.0018533327412143415
33920,212.846596,2.179903977964036,1.3441469436955211,0.0001094292050237,5.679384988031576e-05,353,0.0104068396226415,31,3,Unknown,first,first trials/031_3.csv,4.322732911086397,0.0,0.5359357301050252,0.006140796606909384
40800,256.821624,1.5239499115066686,0.9146385063156856,2.2743026156612648e-05,1.1848923612789496e-05,444,0.0108823529411764,52,0,Unknown,first,first trials/052_0.csv,4.154536313731271,0.0,0.6454530706920716,0.006610001520698973
40800,255.442122,1.512770779737146,1.0240681540309144,1.719099973128734e-05,-2.0417443277445564e-05,1183,0.0289950980392156,17,0,Unknown,first,first trials/017_0.csv,4.52690758552868,0.0,0.6502673144857075,0.0091052542318059
25443,159.455199,1.812166687628083,1.0662140804420548,4.3036071023314426e-05,2.4792565978978103e-05,425,0.0167040050308532,49,3,Unknown,first,first trials/049_3.csv,4.658899175863764,0.0,0.3946290752950034,0.007172227974585411
25443,159.455199,1.812166687628083,1.0662140804420548,4.3036071023314426e-05,2.4792565978978103e-05,425,0.0167040050308532,49,3,Unknown,first,first trials/049_3.csv,5.100948756238017,0.0,0.3946290752950034,0.007172227974585411
40465,253.881314,2.1445714460166463,1.7024997540965203,2.782071115986114e-05,5.906575308071302e-06,831,0.02053626590881,28,2,Unknown,first,first trials/028_2.csv,3.396155505423444,0.0,0.4803570699373581,0.009170238735368279
33900,212.928114,1.9131503847209628,1.4271758559747945,5.927187610010484e-05,-1.3540353767894549e-05,660,0.0194690265486725,28,3,Unknown,first,first trials/028_3.csv,4.714558841275411,0.0,0.38497067198926155,0.009308081850984367
40800,255.238953,1.721201197963672,1.019653707050548,4.665703720077084e-05,1.5031510411416114e-05,702,0.0172058823529411,49,2,Unknown,first,first trials/049_2.csv,5.077137840571762,0.0,0.3723955636768667,0.007707264134500483
40800,255.238953,1.721201197963672,1.019653707050548,4.665703720077084e-05,1.5031510411416114e-05,702,0.0172058823529411,49,2,Unknown,first,first trials/049_2.csv,4.90412882369159,0.0,0.3723955636768667,0.007707264134500483
33920,212.358743,1.766730684401163,1.0684007145454126,5.9021200248096936e-05,-3.039797662045144e-05,417,0.0122936320754716,52,1,Unknown,first,first trials/052_1.csv,5.390246969985226,0.0,0.6015717383822722,0.007474369788815677
33920,212.241871,1.5463570046499913,1.0418718928668396,5.770373435996713e-05,2.1308107109098043e-05,941,0.0277417452830188,17,1,Unknown,first,first trials/017_1.csv,5.066095921748017,0.0,0.623658980696318,0.010202140700475738
40800,255.798715,2.2270734626071755,1.6312095911285371,8.97073322807227e-05,2.560337362615434e-05,471,0.0115441176470588,31,2,Unknown,first,first trials/031_2.csv,4.212594832865635,0.0,0.5947863418689733,0.0065653016297818915
33920,212.865361,1.8443633664930044,1.2476927605457404,7.669138174497694e-05,2.913358547622691e-05,551,0.0162441037735849,15,3,Unknown,first,first trials/015_3.csv,5.046671700302382,0.0,0.5539922810498737,0.007069437083742208
33920,213.088148,1.7391766482041489,0.9896319412494288,0.0001130811331479,3.368908454511187e-05,36,0.0010613207547169,50,3,Unknown,first,first trials/050_3.csv,5.242708409309024,0.0,0.5225613967064867,0.001996333252588629
40800,255.97234,1.786476087886165,1.0853878326925337,7.818631161556943e-05,-1.0022535840139415e-05,823,0.0201715686274509,33,0,Unknown,first,first trials/033_0.csv,4.750087099363439,0.0,0.45809593010676875,0.008378560398327538
40800,255.863868,1.9235160044567048,1.3006437432661426,3.579661687574565e-05,-8.561745052346585e-06,1968,0.048235294117647,8,2,Unknown,first,first trials/008_2.csv,4.872895351275796,0.0,0.4188265219352036,0.013239634187840355
33920,213.430273,2.00990169200622,1.285807313713425,1.0186403353568877e-05,-0.0001160239482195,210,0.006191037735849,69,3,Unknown,first,first trials/069_3.csv,4.499305179136701,0.0,0.5450032020793909,0.004562841164888562
33920,212.541229,2.3555863809037,1.5061786812943612,7.180339345518714e-05,1.5164207489335964e-05,169,0.0049823113207547,11,3,Unknown,first,first trials/011_3.csv,4.897687640395503,0.0,0.4753924932278661,0.004415132060556661
33920,212.541229,2.3555863809037,1.5061786812943612,7.180339345518714e-05,1.5164207489335964e-05,169,0.0049823113207547,11,3,Unknown,first,first trials/011_3.csv,4.971590419707304,0.0,0.4753924932278661,0.004415132060556661
33920,213.104901,1.8928095421457172,1.1882728150402715,5.498498431338448e-05,-2.1756910320084676e-05,222,0.0065448113207547,54,3,Unknown,first,first trials/054_3.csv,5.072494549018345,0.0,0.41347045751116696,0.005074260795758074
33920,213.104901,1.8928095421457172,1.1882728150402715,5.498498431338448e-05,-2.1756910320084676e-05,222,0.0065448113207547,54,3,Unknown,first,first trials/054_3.csv,4.850484523489952,0.0,0.41347045751116696,0.005074260795758074
40800,255.531122,1.9361064068757925,2.092864730228232,6.455478955045432e-06,-3.475164497038836e-05,3241,0.0794362745098039,37,0,Unknown,first,first trials/037_0.csv,4.838393234514645,0.0,0.6826497697031938,0.015836960814700683
33920,212.590662,1.8645313784258333,1.343790124489458,5.299863430520735e-05,1.876828313162142e-05,4697,0.1384728773584905,56,1,Unknown,first,first trials/056_1.csv,4.685173716375377,0.0,0.343241149243298,0.018423806785943013
33920,212.317646,1.7183994615257951,1.2301926003805816,9.822971928032404e-06,-1.8431796950434265e-05,2693,0.0793926886792452,13,1,Unknown,first,first trials/013_1.csv,3.944263803194487,0.0,0.619845286027378,0.0157571832665876
40800,255.772672,2.3139452894780392,1.5359722185287903,1.5238355239953129e-18,-9.428514625036763e-05,838,0.0205392156862745,70,2,Unknown,first,first trials/070_2.csv,4.191633520079813,0.0,0.6877229131534959,0.008260357195103771
33920,212.64842,2.431571936919119,1.8723472108639967,5.02112115865451e-05,-3.986529622766445e-05,740,0.021816037735849,70,3,Unknown,first,first trials/070_3.csv,4.880979602903083,0.0,0.6624108126771175,0.00800677135310975
40800,256.320415,1.7605379699947463,1.2658381592629329,7.247333890457648e-06,-3.630539500199644e-05,5646,0.1383823529411764,56,0,Unknown,first,first trials/056_0.csv,4.86139604437834,0.0,0.3450062403470336,0.021581913657136617
40800,256.320415,1.7605379699947463,1.2658381592629329,7.247333890457648e-06,-3.630539500199644e-05,5646,0.1383823529411764,56,0,Unknown,first,first trials/056_0.csv,4.947378465668846,0.0,0.3450062403470336,0.021581913657136617
1522,9.470802,1.898126926272015,2.288510974157669,0.0010315866289963,4.469304737831912e-05,136,0.0893561103810775,13,0,Unknown,first,first trials/013_0.csv,3.928252359544264,0.0,0.529214771275052,0.016049458689278873
33920,212.509641,1.8281489099299328,1.5627099748890048,6.817797825483569e-05,3.003828116704528e-06,2571,0.0757959905660377,37,1,Unknown,first,first trials/037_1.csv,4.908901021281875,0.0,0.6838912942949296,0.01522546875897651
40800,255.527338,2.440915862138998,1.4884778483782786,3.132116489746411e-05,-3.109957892294378e-05,216,0.0052941176470588,11,2,Unknown,first,first trials/011_2.csv,4.692501063858182,0.0,0.4050811021934292,0.004241598741531782
40800,255.527338,2.440915862138998,1.4884778483782786,3.132116489746411e-05,-3.109957892294378e-05,216,0.0052941176470588,11,2,Unknown,first,first trials/011_2.csv,3.112912638664864,0.0,0.4050811021934292,0.004241598741531782
40800,255.569679,1.705964270597283,1.0135961769190784,6.591373336105888e-06,-2.474249196044804e-05,252,0.0061764705882352,54,2,Unknown,first,first trials/054_2.csv,4.988479217307972,0.0,0.4983880652820922,0.0044102940368920705
40800,255.569679,1.705964270597283,1.0135961769190784,6.591373336105888e-06,-2.474249196044804e-05,252,0.0061764705882352,54,2,Unknown,first,first trials/054_2.csv,4.480693720365042,0.0,0.4983880652820922,0.0044102940368920705
40800,256.018076,1.8893352363788631,1.1381038145845346,4.183158491160358e-05,3.5883379776315154e-05,257,0.0062990196078431,69,2,Unknown,first,first trials/069_2.csv,4.122595681134549,0.0,0.4945875741962058,0.004555137322298439
33920,213.470461,1.909341019376968,1.2998372696207905,0.0001404073083736,6.861653257977306e-05,1612,0.0475235849056603,8,3,Unknown,first,first trials/008_3.csv,4.751643590807784,0.0,0.40161891089655577,0.012669882655574777
33920,212.813948,1.7036165247740105,1.1806362163243251,5.681051221864039e-05,4.386221811381736e-05,1577,0.0464917452830188,8,1,Unknown,first,first trials/008_1.csv,4.550115703580167,0.0,0.6955917766337757,0.011894235488779078
40800,256.025939,1.982374650013008,1.1222498280946651,4.908135303109966e-05,2.1541901409836457e-06,220,0.005392156862745,69,0,Unknown,first,first trials/069_0.csv,4.442056969801289,0.0,0.45509033749847666,0.004198692649679007
33920,212.619043,2.069646228270841,1.5355175843858833,9.972716899934134e-05,-2.909797298931444e-05,2847,0.0839327830188679,37,3,Unknown,first,first trials/037_3.csv,4.325791455629045,0.0,0.4418330571295109,0.01846551122057276
40800,256.031094,1.484662437578921,0.902150450708583,1.4995476535489532e-05,-2.3014606499084143e-05,249,0.0061029411764705,54,0,Unknown,first,first trials/054_0.csv,4.545307109224604,1.0,0.5555702088191322,0.004491248751546733
40800,256.031094,1.484662437578921,0.902150450708583,1.4995476535489532e-05,-2.3014606499084143e-05,249,0.0061029411764705,54,0,Unknown,first,first trials/054_0.csv,4.325817380838299,1.0,0.5555702088191322,0.004491248751546733
40800,255.735765,1.9986302430946044,1.125314804427198,3.338036580349301e-05,-1.1517746723603409e-05,178,0.0043627450980392,11,0,Unknown,first,first trials/011_0.csv,5.14375369482226,0.0,0.46735805220786114,0.0037508115262732335
33920,212.402842,2.051092211288805,1.2415953985486765,1.442870339689363e-05,-2.5332122678867696e-05,666,0.0196344339622641,70,1,Unknown,first,first trials/070_1.csv,4.420497728691942,0.0,0.6540652311832093,0.008817641562535328
40800,255.635762,2.27694113660945,2.466061139321204,3.9381623830496207e-05,1.2155015712474194e-05,3635,0.0890931372549019,13,2,Unknown,first,first trials/013_2.csv,3.869209723066523,0.0,0.4766945576600691,0.017086812241263905
40800,256.135248,2.1567799821131444,1.616147019834263,2.557075284716725e-05,-8.265156320186048e-05,6218,0.1524019607843137,56,2,Unknown,first,first trials/056_2.csv,4.485421853524927,0.0,0.3072927909997575,0.02592157517873846
40800,256.135248,2.1567799821131444,1.616147019834263,2.557075284716725e-05,-8.265156320186048e-05,6218,0.1524019607843137,56,2,Unknown,first,first trials/056_2.csv,5.445579257603497,0.0,0.3072927909997575,0.02592157517873846
33920,212.64785,2.3029958282411203,2.423727396545172,2.400465740628636e-05,-6.3819072632632295e-06,3034,0.0894457547169811,13,3,Unknown,first,first trials/013_3.csv,4.085312651082572,0.0,0.5394047550839752,0.015900170198042813
33920,213.07298,2.0618445113761066,1.5493956827591184,-2.5922660244785493e-18,-4.737066429973129e-05,4874,0.143691037735849,56,3,Unknown,first,first trials/056_3.csv,4.022353639010183,0.0,0.4011420742477102,0.02188269702436066
33920,213.07298,2.0618445113761066,1.5493956827591184,-2.5922660244785493e-18,-4.737066429973129e-05,4874,0.143691037735849,56,3,Unknown,first,first trials/056_3.csv,5.116133514227189,0.0,0.4011420742477102,0.02188269702436066
30152,188.769801,2.112153930767324,1.272464083006041,3.4346259676470945e-05,-2.899253750326405e-06,609,0.0201976651631732,70,0,Unknown,first,first trials/070_0.csv,4.08345837575732,0.0,0.6631065143453743,0.007517535259754299
33920,212.652045,1.6045252148247096,1.0095581995403062,6.733152248956917e-06,-1.3396011139046864e-05,199,0.0058667452830188,54,1,Unknown,first,first trials/054_1.csv,4.738557469777922,0.0,0.53450812535565,0.004022413514110978
33920,212.652045,1.6045252148247096,1.0095581995403062,6.733152248956917e-06,-1.3396011139046864e-05,199,0.0058667452830188,54,1,Unknown,first,first trials/054_1.csv,5.222097834358149,0.0,0.53450812535565,0.004022413514110978
33920,212.617698,2.2412763283526638,1.32631013380815,5.4036722841114136e-05,-2.2827293697499436e-05,150,0.0044221698113207,11,1,Unknown,first,first trials/011_1.csv,5.220954663571017,0.0,0.4831830477995368,0.004002026966172974
33920,212.617698,2.2412763283526638,1.32631013380815,5.4036722841114136e-05,-2.2827293697499436e-05,150,0.0044221698113207,11,1,Unknown,first,first trials/011_1.csv,5.229846793354789,0.0,0.4831830477995368,0.004002026966172974
40615,254.73594,2.1188831719826755,1.5102136599112432,2.3570419898358603e-05,-5.243313020614771e-06,3222,0.0793302966884156,37,2,Unknown,first,first trials/037_2.csv,4.678689643765725,0.0,0.4305042211551055,0.016879139486189416
33920,212.142096,2.181406135985878,1.2345944708245076,5.1480616331297856e-05,-5.2749861102192886e-05,217,0.0063974056603773,69,1,Unknown,first,first trials/069_1.csv,5.165992672628571,0.0,0.45859448196532077,0.004704806682964729
40800,255.587017,1.5688368107005652,1.045190547158045,3.0024308794095677e-05,1.308378448484684e-05,1966,0.0481862745098039,8,0,Unknown,first,first trials/008_0.csv,4.767256067012969,0.0,0.5967886912051906,0.012047358664244265
40800,256.212241,1.9383810699092203,1.329087453180437,6.23413580357639e-05,2.583195086612823e-05,2307,0.0565441176470588,43,2,Unknown,first,first trials/043_2.csv,4.912714572091635,0.0,0.3069596738987286,0.017200964800338683
40800,260.712557,1.824315010931089,1.3468047594190045,1.884273068691028e-05,-1.7274979730117534e-05,1425,0.0349264705882352,6,2,Unknown,first,first trials/006_2.csv,2.4184370394561245,0.0,0.690665193500317,0.010870480786870602
40800,260.712557,1.824315010931089,1.3468047594190045,1.884273068691028e-05,-1.7274979730117534e-05,1425,0.0349264705882352,6,2,Unknown,first,first trials/006_2.csv,3.947704538508224,0.0,0.690665193500317,0.010870480786870602
33920,212.364505,1.7430095133165648,1.2797946380797882,0.0001687555500821,0.0001562322527585,428,0.0126179245283018,20,1,Unknown,first,first trials/020_1.csv,4.195452567186447,0.0,0.9437575562771385,0.006539364614711078
33920,213.169213,2.1443925648305884,1.3052819554596646,9.73682534465591e-05,-6.280683721913864e-06,698,0.0205778301886792,65,1,Unknown,first,first trials/065_1.csv,5.365931418883203,0.0,0.46741150961165767,0.007873509454487665
33920,213.169213,2.1443925648305884,1.3052819554596646,9.73682534465591e-05,-6.280683721913864e-06,698,0.0205778301886792,65,1,Unknown,first,first trials/065_1.csv,4.8622556642436345,0.0,0.46741150961165767,0.007873509454487665
40800,255.450335,1.4929854181240587,0.9580253008182124,6.58951767000634e-05,3.078101581850561e-05,1419,0.0347794117647058,41,0,Unknown,first,first trials/041_0.csv,4.563169036038857,1.0,0.5374544028049214,0.009761178077972856
40800,255.450335,1.4929854181240587,0.9580253008182124,6.58951767000634e-05,3.078101581850561e-05,1419,0.0347794117647058,41,0,Unknown,first,first trials/041_0.csv,4.112192158378787,1.0,0.5374544028049214,0.009761178077972856
40800,256.011063,1.4820866221964093,0.8578863250309517,3.981095570094392e-05,-1.1542293038091287e-05,172,0.0042156862745098,39,0,Unknown,first,first trials/039_0.csv,4.755258782177177,1.0,0.54499354549542,0.00344743000836151
33920,212.200916,2.1818262445277394,1.600864071797371,0.0001493450168529,4.635029090885004e-05,890,0.0262382075471698,58,1,Unknown,first,first trials/058_1.csv,5.005055226498451,0.0,0.7080635715747495,0.009017675473735394
33920,212.200916,2.1818262445277394,1.600864071797371,0.0001493450168529,4.635029090885004e-05,890,0.0262382075471698,58,1,Unknown,first,first trials/058_1.csv,4.549798606495467,0.0,0.7080635715747495,0.009017675473735394
40800,256.11302,2.017719100547528,1.774061050590985,2.1255311278267585e-05,-3.1633690779136915e-05,1082,0.0265196078431372,58,0,Unknown,first,first trials/058_0.csv,4.367706292669521,0.0,0.8594937630856186,0.008082564343380347
40800,256.11302,2.017719100547528,1.774061050590985,2.1255311278267585e-05,-3.1633690779136915e-05,1082,0.0265196078431372,58,0,Unknown,first,first trials/058_0.csv,4.143894194615811,0.0,0.8594937630856186,0.008082564343380347
33920,212.832321,1.6112977238789112,0.9744425337651226,4.103405745034951e-05,3.908479237364858e-06,148,0.0043632075471698,39,1,Unknown,first,first trials/039_1.csv,5.276656116876617,0.0,0.5779525009344372,0.003968401395986237
33920,212.46968,1.6583526256817829,1.1981060092977147,2.8996101997796224e-05,-2.6157597543741694e-05,1149,0.0338738207547169,41,1,Unknown,first,first trials/041_1.csv,5.218186613263378,0.0,0.5718951025451,0.011064896361953425
33920,212.46968,1.6583526256817829,1.1981060092977147,2.8996101997796224e-05,-2.6157597543741694e-05,1149,0.0338738207547169,41,1,Unknown,first,first trials/041_1.csv,5.167201025955649,0.0,0.5718951025451,0.011064896361953425
40800,255.507634,1.6142015388762585,1.0374703946616068,4.798666577624603e-05,1.798420318826228e-05,546,0.0133823529411764,20,0,Unknown,first,first trials/020_0.csv,4.460917302489222,0.0,0.6763963278431566,0.007342265001851611
40800,256.057016,1.876385154481434,1.1100384752191446,7.835629946623429e-05,2.7180105260536528e-05,816,0.02,65,0,Unknown,first,first trials/065_0.csv,5.034128389982624,0.0,0.4673197259509568,0.00789853348892819
40800,256.057016,1.876385154481434,1.1100384752191446,7.835629946623429e-05,2.7180105260536528e-05,816,0.02,65,0,Unknown,first,first trials/065_0.csv,4.832314999166413,0.0,0.4673197259509568,0.00789853348892819
33920,212.564123,1.897200644001981,1.416804284331134,2.9935323436435838e-05,-3.169691194753933e-05,1808,0.0533018867924528,43,3,Unknown,first,first trials/043_3.csv,4.407632285473518,0.0,0.34480618218640113,0.014033921366201655
33920,216.185502,1.8970465670198704,1.4868801168986112,1.5935666281322018e-05,-4.715892062655455e-05,1166,0.034375,6,3,Unknown,first,first trials/006_3.csv,3.4952701789708334,0.0,0.6198693793279106,0.012169562802495164
33920,216.185502,1.8970465670198704,1.4868801168986112,1.5935666281322018e-05,-4.715892062655455e-05,1166,0.034375,6,3,Unknown,first,first trials/006_3.csv,4.530688525980696,0.0,0.6198693793279106,0.012169562802495164
40800,255.129199,2.069001375880401,1.289305852800768,2.0576400121918705e-05,-2.8328828149948097e-05,869,0.0212990196078431,65,2,Unknown,first,first trials/065_2.csv,4.946471538452307,0.0,0.3800532921359443,0.008297912834865657
40800,255.129199,2.069001375880401,1.289305852800768,2.0576400121918705e-05,-2.8328828149948097e-05,869,0.0212990196078431,65,2,Unknown,first,first trials/065_2.csv,4.931422823593804,0.0,0.3800532921359443,0.008297912834865657
40800,255.754415,1.7486351703340053,1.1177923603549824,0.0001397047784186,8.934714785776567e-05,496,0.012156862745098,20,2,Unknown,first,first trials/020_2.csv,5.133850196887653,0.0,0.4924248093881449,0.006546051095226794
33920,217.563385,1.9846828473126064,1.3610054486599632,5.706828921907916e-05,3.272989696241479e-05,1092,0.032193396226415,6,1,Unknown,first,first trials/006_1.csv,3.070196263895625,0.0,0.738686351568423,0.013219355163094334
33920,217.563385,1.9846828473126064,1.3610054486599632,5.706828921907916e-05,3.272989696241479e-05,1092,0.032193396226415,6,1,Unknown,first,first trials/006_1.csv,4.8206946549110175,0.0,0.738686351568423,0.013219355163094334
33920,212.880959,1.9879937691744571,1.279256476210358,-2.003114655278879e-18,-8.05960568122049e-05,1827,0.0538620283018867,43,1,Unknown,first,first trials/043_1.csv,4.779876745195191,0.0,0.3349474692772809,0.013597828206906911
33920,213.271451,1.9266861725991495,1.5138077478805838,6.944982592296891e-05,3.5199205416926564e-05,1221,0.0359964622641509,41,3,Unknown,first,first trials/041_3.csv,4.666660006301877,0.0,0.6452477524322104,0.01193936176299631
33920,213.271451,1.9266861725991495,1.5138077478805838,6.944982592296891e-05,3.5199205416926564e-05,1221,0.0359964622641509,41,3,Unknown,first,first trials/041_3.csv,4.309059302795461,0.0,0.6452477524322104,0.01193936176299631
33920,212.605844,1.7176151846676733,1.1465940478873555,6.364760960580049e-05,4.041406704388078e-06,139,0.0040978773584905,39,3,Unknown,first,first trials/039_3.csv,4.19710016751818,0.0,0.5994033131420794,0.003649719841468211
40768,254.862989,2.54926459099218,2.852150429955368,5.547547106989628e-05,-6.280955011809377e-06,1107,0.027153649921507,58,2,Unknown,first,first trials/058_2.csv,3.711790914320928,0.0,1.06845151756218,0.009596968987545198
40768,254.862989,2.54926459099218,2.852150429955368,5.547547106989628e-05,-6.280955011809377e-06,1107,0.027153649921507,58,2,Unknown,first,first trials/058_2.csv,3.657400466524072,0.0,1.06845151756218,0.009596968987545198
33920,212.103813,2.127092239317554,1.9713205045621844,5.591700913843359e-05,-4.285605141919914e-06,940,0.0277122641509433,58,3,Unknown,first,first trials/058_3.csv,4.458511756616893,0.0,0.841975644913832,0.009918700857036635
33920,212.103813,2.127092239317554,1.9713205045621844,5.591700913843359e-05,-4.285605141919914e-06,940,0.0277122641509433,58,3,Unknown,first,first trials/058_3.csv,3.85835655624268,0.0,0.841975644913832,0.009918700857036635
40800,255.603115,1.6061897510856171,0.9271390373980128,8.170301439502192e-05,6.956230631977195e-05,192,0.0047058823529411,39,2,Unknown,first,first trials/039_2.csv,4.492347733168494,0.0,0.5079400696979974,0.003981361851011629
40800,255.897125,1.8710193381253104,1.3070109519079385,3.201307547187926e-05,-2.310102107472817e-06,1469,0.0360049019607843,41,2,Unknown,first,first trials/041_2.csv,4.889964072109738,0.0,0.5865766519237545,0.01078184274169166
40800,255.897125,1.8710193381253104,1.3070109519079385,3.201307547187926e-05,-2.310102107472817e-06,1469,0.0360049019607843,41,2,Unknown,first,first trials/041_2.csv,3.94515339820628,0.0,0.5865766519237545,0.01078184274169166
40799,261.072563,1.9497228624252465,1.2649388852812449,1.4150248114048908e-19,-1.8479121315802917e-05,1332,0.0326478590161523,6,0,Unknown,first,first trials/006_0.csv,2.99148959852178,0.0,0.6353741332613159,0.011429992073176033
40799,261.072563,1.9497228624252465,1.2649388852812449,1.4150248114048908e-19,-1.8479121315802917e-05,1332,0.0326478590161523,6,0,Unknown,first,first trials/006_0.csv,4.207621290279155,0.0,0.6353741332613159,0.011429992073176033
40800,255.92233,1.5889658254214865,1.0765330365805446,3.17053895384708e-05,-2.4490512049207007e-06,2115,0.0518382352941176,43,0,Unknown,first,first trials/043_0.csv,4.809708391332478,0.0,0.4380096511133674,0.01290382749063009
33920,212.782303,2.1653250932797583,1.352668134417515,7.491210395913608e-05,6.550269356992373e-05,780,0.0229952830188679,65,3,Unknown,first,first trials/065_3.csv,4.902495614864048,0.0,0.4286658520613652,0.009469348178218847
33920,212.782303,2.1653250932797583,1.352668134417515,7.491210395913608e-05,6.550269356992373e-05,780,0.0229952830188679,65,3,Unknown,first,first trials/065_3.csv,4.88253368985117,0.0,0.4286658520613652,0.009469348178218847
33920,213.297256,1.8775496555306903,1.244140493490747,5.617513246605784e-05,-2.524227735132057e-06,391,0.0115271226415094,20,3,Unknown,first,first trials/020_3.csv,5.276309541651371,0.0,0.6589081653576845,0.005591663102531129
33042,207.599681,2.485843751423221,1.4988535608642592,6.536868459293119e-05,-9.684905397335392e-05,337,0.0101991404878639,19,3,Unknown,first,first trials/019_3.csv,4.6413466101038425,0.0,0.5323205790547391,0.005677833930258223
40800,256.205838,1.4932784720556662,0.8739084468702008,4.779976674595435e-05,2.116681314046148e-05,596,0.0146078431372549,47,0,Unknown,first,first trials/047_0.csv,4.689261505195279,1.0,0.5563878558082125,0.007113254135248022
40800,256.205838,1.4932784720556662,0.8739084468702008,4.779976674595435e-05,2.116681314046148e-05,596,0.0146078431372549,47,0,Unknown,first,first trials/047_0.csv,4.788413776862106,1.0,0.5563878558082125,0.007113254135248022
33920,217.102114,2.0844155599399667,1.468557547220373,0.0002595726123038,-2.3585991450899026e-05,1353,0.0398879716981132,24,3,Unknown,first,first trials/024_3.csv,3.780476268046433,0.0,0.5047119243601111,0.012439356991135865
33920,212.460739,1.7710412922690806,1.0540313674239568,5.269989253673132e-05,-3.168287014959897e-05,404,0.0119103773584905,26,1,Unknown,first,first trials/026_1.csv,4.923208433887232,0.0,0.5727736848619119,0.006589603410231333
40800,255.218529,1.6804413054336211,0.9563562685994812,6.98381517724963e-05,1.7294759130108127e-05,474,0.0116176470588235,26,0,Unknown,first,first trials/026_0.csv,4.706475235062894,0.0,0.5069016633442022,0.005988048860617346
40800,258.653135,2.088039051245105,1.6133136649142454,9.553890560343044e-05,-2.490692907446142e-05,1643,0.0402696078431372,24,2,Unknown,first,first trials/024_2.csv,3.409359645559216,0.0,0.46585591133149445,0.01302304711404883
33920,212.870785,1.7299756217712186,0.9830673485298814,6.82681084773628e-05,3.631886043281234e-05,469,0.0138266509433962,47,1,Unknown,first,first trials/047_1.csv,5.542958354932191,0.0,0.44692886320287634,0.007497849664036828
33920,212.870785,1.7299756217712186,0.9830673485298814,6.82681084773628e-05,3.631886043281234e-05,469,0.0138266509433962,47,1,Unknown,first,first trials/047_1.csv,5.248377028095639,0.0,0.44692886320287634,0.007497849664036828
36855,231.035177,2.4717302674345203,1.4727721636594868,8.256144628509705e-05,2.186702756191008e-05,375,0.0101750101750101,19,2,Unknown,first,first trials/019_2.csv,4.675757565413184,0.0,0.4696456732309012,0.0059166594215454395
40800,255.731614,2.031482511264565,1.243440899472299,1.189499051700188e-05,-3.201757660513005e-05,420,0.0102941176470588,19,0,Unknown,first,first trials/019_0.csv,4.777493407080079,0.0,0.5491815309736915,0.005698517229333988
40800,257.575378,1.7896395668756626,1.1384981605157198,5.4358116574861327e-05,5.4358116574863536e-05,1488,0.0364705882352941,24,0,Unknown,first,first trials/024_0.csv,3.5310744685511786,0.0,0.5212797092578398,0.011078965846366966
33920,212.223307,1.7360864352467464,1.1361882722001166,1.8152795670849928e-05,-5.469107087598488e-05,542,0.0159787735849056,47,3,Unknown,first,first trials/047_3.csv,4.922738704919638,0.0,0.46742304011506053,0.008082165223331356
33920,212.223307,1.7360864352467464,1.1361882722001166,1.8152795670849928e-05,-5.469107087598488e-05,542,0.0159787735849056,47,3,Unknown,first,first trials/047_3.csv,4.635451142903676,0.0,0.46742304011506053,0.008082165223331356
40786,255.024179,2.004456568666931,1.158090123767707,5.635999910161971e-05,-7.934746869915376e-05,533,0.013068209679792,26,2,Unknown,first,first trials/026_2.csv,4.270922376322109,0.0,0.45563946681757495,0.007074580379614746
33920,212.975569,3.758435834132295,2.4137166542242654,7.686438167884065e-06,7.68643816788451e-06,1547,0.0456073113207547,63,3,Unknown,first,first trials/063_3.csv,3.675581305794468,0.0,0.47450238066574946,0.012058872936340672
33899,211.909732,1.9886201279695772,1.254512895068004,8.638754128901914e-05,3.3654790428608966e-05,431,0.0127142393580931,26,3,Unknown,first,first trials/026_3.csv,3.7715473838628304,0.0,0.5735850710260286,0.0065558439566202244
40800,257.167804,1.635290169775656,0.9355520710008192,4.4198138998895496e-05,1.9453706326744043e-05,596,0.0146078431372549,47,2,Unknown,first,first trials/047_2.csv,4.487980374107217,0.0,0.47517365836329095,0.007876272296900645
40800,257.167804,1.635290169775656,0.9355520710008192,4.4198138998895496e-05,1.9453706326744043e-05,596,0.0146078431372549,47,2,Unknown,first,first trials/047_2.csv,0.0,0.0,0.47517365836329095,0.007876272296900645
33920,213.840215,1.8652276506954049,1.1704282795038754,-1.4794245493236169e-18,-7.699478026995312e-05,1246,0.0367334905660377,24,1,Unknown,first,first trials/024_1.csv,4.948152274800872,0.0,0.6174633761998896,0.012511409156156407
33920,212.235294,2.46112279083608,1.4685560094519785,8.002150005005159e-05,-4.871606073858684e-05,340,0.0100235849056603,19,1,Unknown,first,first trials/019_1.csv,5.582823980925545,0.0,0.5399556051442574,0.0055476052789133375
33920,212.350207,1.8749148673658529,1.1259854670328129,2.64156127616625e-05,7.433276317625182e-06,507,0.0149469339622641,38,3,Unknown,first,first trials/038_3.csv,5.091436776867036,0.0,0.44740456413420326,0.0077715038584425305
40800,256.170817,1.9428132696508371,1.1300417460590446,4.688990038175574e-05,1.6315070880403e-05,657,0.0161029411764705,66,0,Unknown,first,first trials/066_0.csv,4.392358116567336,0.0,0.4764000321173937,0.0071649198751666645
33920,212.221872,1.962291599601687,1.6033795810342124,3.480228131408602e-05,-5.150220001412507e-05,1312,0.0386792452830188,40,3,Unknown,first,first trials/040_3.csv,5.001556585134515,0.0,0.477109732333462,0.011248805275301409
40800,255.729847,2.072212038881172,1.4684306620658107,8.078575324473059e-05,3.393210156332302e-05,531,0.0130147058823529,21,2,Unknown,first,first trials/021_2.csv,4.078355930620601,0.0,0.5859456774795893,0.008315307435891426
40800,255.729847,2.072212038881172,1.4684306620658107,8.078575324473059e-05,3.393210156332302e-05,531,0.0130147058823529,21,2,Unknown,first,first trials/021_2.csv,4.145157990756752,0.0,0.5859456774795893,0.008315307435891426
39254,245.870523,3.514139261902049,2.109451745572941,0.0002375450126649,-3.236792367099078e-05,608,0.015488867376573,64,2,Unknown,first,first trials/064_2.csv,4.358149756782568,0.0,0.33162495329603775,0.007847968602595132
33920,213.747103,1.89560588368314,1.277672490038706,6.986843254070969e-05,2.303981054874128e-05,881,0.0259728773584905,42,1,Unknown,first,first trials/042_1.csv,4.447713106231674,0.0,0.45100011797756245,0.008462529963292656
33920,213.747103,1.89560588368314,1.277672490038706,6.986843254070969e-05,2.303981054874128e-05,881,0.0259728773584905,42,1,Unknown,first,first trials/042_1.csv,4.901012957383893,0.0,0.45100011797756245,0.008462529963292656
40800,257.372753,1.7100194553849724,1.0416218998117457,0.0001183700659599,5.622049177682974e-05,950,0.0232843137254901,42,0,Unknown,first,first trials/042_0.csv,4.339407977536655,0.0,0.5026187119887138,0.00857220513099189
40800,257.372753,1.7100194553849724,1.0416218998117457,0.0001183700659599,5.622049177682974e-05,950,0.0232843137254901,42,0,Unknown,first,first trials/042_0.csv,4.6692269968501,0.0,0.5026187119887138,0.00857220513099189
33920,213.3202,1.94728043369816,1.1621702731225323,6.255985203411189e-05,-1.8507675369142644e-05,433,0.0127653301886792,21,3,Unknown,first,first trials/021_3.csv,5.145642772832535,0.0,0.47607550406792326,0.006591055809938647
33920,213.3202,1.94728043369816,1.1621702731225323,6.255985203411189e-05,-1.8507675369142644e-05,433,0.0127653301886792,21,3,Unknown,first,first trials/021_3.csv,4.802262172431784,0.0,0.47607550406792326,0.006591055809938647
27626,173.494606,3.4455822928710003,2.107480292240873,0.0001801274581715,0.0001261019148474,477,0.01726634329979,64,3,Unknown,first,first trials/064_3.csv,4.975806927829314,0.0,0.3108794797701174,0.007814938196903078
40800,255.235448,2.1279962518915783,1.496619051577239,1.615179359193185e-05,-3.5750883444136424e-05,1515,0.0371323529411764,40,2,Unknown,first,first trials/040_2.csv,4.00045565805441,0.0,0.6191739697374095,0.01113232542688862
33920,212.579145,2.056055731206968,1.1963808632050974,2.173001001060209e-05,-7.471489732098517e-05,531,0.0156544811320754,66,1,Unknown,first,first trials/066_1.csv,4.690985280556378,0.0,0.4018128182567844,0.006110824346127586
40800,255.96322,1.9650102024830811,1.228597812389496,6.686165520250406e-05,-1.9259659254449843e-06,637,0.0156127450980392,38,2,Unknown,first,first trials/038_2.csv,4.567986511507824,0.0,0.4740630287314826,0.007164919875166666
40800,255.937017,1.613097152803025,1.0450400174328258,7.835794291912281e-05,1.2628795740776308e-05,1530,0.0375,40,0,Unknown,first,first trials/040_0.csv,4.610780001911867,0.0,0.5286565044468639,0.010632031101950492
17556,109.729398,2.6508977352918874,1.897899300397974,0.0001304298345859,-0.0002171609879193,303,0.0172590567327409,66,3,Unknown,first,first trials/066_3.csv,4.238026979461428,0.0,0.5427890354152669,0.007302180988032081
40800,255.295776,1.8996144219380988,1.1607007469788528,4.594297443335277e-05,1.5537862869875012e-05,939,0.0230147058823529,42,2,Unknown,first,first trials/042_2.csv,4.813558204229988,0.0,0.40357271577016984,0.009207724900087741
40800,255.295776,1.8996144219380988,1.1607007469788528,4.594297443335277e-05,1.5537862869875012e-05,939,0.0230147058823529,42,2,Unknown,first,first trials/042_2.csv,4.575050802940922,0.0,0.40357271577016984,0.009207724900087741
33920,212.574232,2.818872377677136,1.703373000333856,7.23056207339901e-05,1.0005495257674255e-05,498,0.0146816037735849,64,1,Unknown,first,first trials/064_1.csv,4.424062702293631,0.0,0.3532722025618827,0.009831819022531343
33920,212.192373,1.8479865980810184,1.0840679784256315,3.955463642725088e-05,-3.014788657720737e-06,400,0.0117924528301886,21,1,Unknown,first,first trials/021_1.csv,5.324455849562591,0.0,0.4520578800204934,0.005950811095657465
33920,212.192373,1.8479865980810184,1.0840679784256315,3.955463642725088e-05,-3.014788657720737e-06,400,0.0117924528301886,21,1,Unknown,first,first trials/021_1.csv,5.040292912466782,0.0,0.4520578800204934,0.005950811095657465
40800,256.25638,2.584969185457631,1.4939749644052174,0.0001182740583207,2.9739920460419017e-05,558,0.0136764705882352,64,0,Unknown,first,first trials/064_0.csv,4.400005788080913,0.0,0.3987003387779455,0.006254277609476568
40800,255.628994,1.7160466254718043,1.0016351091554876,1.4265086461632804e-05,-1.8381528406265763e-05,480,0.0117647058823529,21,0,Unknown,first,first trials/021_0.csv,4.471303197024394,0.0,0.5256201440251552,0.006527304217711653
40800,255.628994,1.7160466254718043,1.0016351091554876,1.4265086461632804e-05,-1.8381528406265763e-05,480,0.0117647058823529,21,0,Unknown,first,first trials/021_0.csv,4.61321348897602,0.0,0.5256201440251552,0.006527304217711653
33920,212.228025,2.3579220110779597,1.5075488973786657,6.193852329227154e-05,4.088998955841889e-06,784,0.0231132075471698,42,3,Unknown,first,first trials/042_3.csv,4.464519493533267,0.0,0.37343912482227115,0.008927581314663716
33920,212.228025,2.3579220110779597,1.5075488973786657,6.193852329227154e-05,4.088998955841889e-06,784,0.0231132075471698,42,3,Unknown,first,first trials/042_3.csv,4.677865081991152,0.0,0.37343912482227115,0.008927581314663716
1507,9.38525,2.559622580602601,1.5697181639514468,0.0006774525656588,-0.0008657180610934,20,0.013271400132714,66,2,Unknown,first,first trials/066_2.csv,4.1577312472650965,0.0,0.5842024340138768,0.008627642435322035
33920,212.77381,1.7446498350262014,1.1949470402846565,4.507733952466304e-05,3.1491082232779915e-06,1247,0.0367629716981132,40,1,Unknown,first,first trials/040_1.csv,4.815815823003881,0.0,0.634280542458165,0.011374808747804483
33920,212.942525,1.8143861795942704,1.0699746649084372,4.866907372818958e-05,1.209819687930987e-05,470,0.0138561320754716,38,1,Unknown,first,first trials/038_1.csv,5.05333240277527,0.0,0.5697517255480727,0.006404373685008571
40800,255.809116,1.7767553602386874,1.094652321420826,3.526227040563941e-05,1.865626944138244e-05,700,0.017156862745098,27,2,Unknown,first,first trials/027_2.csv,4.774925105459913,0.0,0.6449636978640702,0.007141140299256313
40800,255.520371,2.3439212317235456,2.5788959237614386,4.2578947341967714e-05,-1.1509058385008296e-05,1367,0.0335049019607843,62,2,Unknown,first,first trials/062_2.csv,4.435990114024875,0.0,0.5819692506791044,0.010674379927249907
40800,255.520371,2.3439212317235456,2.5788959237614386,4.2578947341967714e-05,-1.1509058385008296e-05,1367,0.0335049019607843,62,2,Unknown,first,first trials/062_2.csv,4.3255493655065935,0.0,0.5819692506791044,0.010674379927249907
33920,231.019231,1.5182311864715785,1.1714116188370798,5.433284849285848e-19,-5.566723412006859e-05,2847,0.0839327830188679,1,1,Unknown,first,first trials/001_1.csv,4.2222029020080925,0.0,0.5031718760657617,0.02022596654068787
40800,255.431266,1.7486442020666777,1.108431729135286,7.644698228585128e-05,1.989114655533424e-05,410,0.0100490196078431,60,0,Unknown,first,first trials/060_0.csv,4.610325976207012,0.0,0.6891176022501041,0.0058442937073406856
40800,257.219234,1.7549753508582295,1.1199334839380095,6.806771409380972e-05,6.806771409380909e-05,727,0.0178186274509803,25,0,Unknown,first,first trials/025_0.csv,3.567996746855505,0.0,0.5266922632249572,0.007651373387054363
33920,212.038404,3.0702851311483763,1.8953762140164312,3.7507181703318575e-05,-1.4845949011385583e-05,0,0.0,3,3,Unknown,first,first trials/003_3.csv,4.551728663918246,0.0,0.4684444539525201,0.0
6909,43.139038,3.2743314381301385,1.8720072402997172,0.0006007037020279,0.0004979281044161,0,0.0,3,2,Unknown,first,first trials/003_2.csv,4.5973900450420535,0.0,0.4155934495836682,0.0
17537,213.457747,2.054313284821005,1.6035364937712246,0.0001489986590799,8.103571776818472e-05,167,0.0095227233848434,60,1,Unknown,first,first trials/060_1.csv,5.422657062967485,0.0,0.704839898346838,0.005539049332892866
33920,215.54539,1.888187638259192,1.328440410345755,1.7543618549501294e-18,-0.0001361682797425,605,0.0178360849056603,25,1,Unknown,first,first trials/025_1.csv,4.033469840327236,0.0,0.6810986281835222,0.008796200997667572
40800,277.011647,1.4428359393886998,1.2153986731060171,-3.7007434154171887e-19,2.8844029561339854e-19,3336,0.0817647058823529,1,0,Unknown,first,first trials/001_0.csv,3.4980679099099685,1.0,0.6214702178589241,0.020563380411080353
33920,212.962572,1.7910891362660997,1.2861454829778023,8.296640686809547e-05,4.642358386534362e-05,520,0.0153301886792452,27,3,Unknown,first,first trials/027_3.csv,3.959433419749501,0.0,0.5426163002045595,0.007506664662664052
33920,212.982706,2.2032388905370426,2.2158086525560448,8.638734137131948e-05,-8.665877688968473e-06,1148,0.0338443396226415,62,3,Unknown,first,first trials/062_3.csv,4.955149695667739,0.0,0.610960743214994,0.011293582654774323
33920,212.982706,2.2032388905370426,2.2158086525560448,8.638734137131948e-05,-8.665877688968473e-06,1148,0.0338443396226415,62,3,Unknown,first,first trials/062_3.csv,4.434990332902964,0.0,0.610960743214994,0.011293582654774323
40800,277.382754,1.6465939771431706,1.6087962217784677,1.928960427418871e-05,-5.484871687580375e-05,3436,0.0842156862745098,1,2,Unknown,first,first trials/001_2.csv,3.618789321177595,0.0,0.7401145633369155,0.019905522927362047
33920,212.378131,1.953949550348099,1.4528015969951222,6.060540818228773e-05,-7.521907567967082e-05,1124,0.0331367924528301,62,1,Unknown,first,first trials/062_1.csv,4.076370301719156,0.0,0.8552338201665822,0.010417449131339757
33920,212.378131,1.953949550348099,1.4528015969951222,6.060540818228773e-05,-7.521907567967082e-05,1124,0.0331367924528301,62,1,Unknown,first,first trials/062_1.csv,5.187524821660691,0.0,0.8552338201665822,0.010417449131339757
33920,212.092841,1.9238342571714115,1.31990959859517,8.48644053042202e-05,6.168741114880259e-05,645,0.0190153301886792,27,1,Unknown,first,first trials/027_1.csv,4.963405000146305,0.0,0.8798955683185875,0.007916494063377882
40779,254.853102,2.5472324197391107,1.4270311013988668,5.4054329080883584e-05,-4.930749077707468e-06,0,0.0,3,0,Unknown,first,first trials/003_0.csv,4.021872739343718,0.0,0.47036793377495956,0.0
33920,217.863441,2.1634538008732243,1.483959497378058,0.0003081996159237,-2.227319794300168e-06,657,0.0193691037735849,25,3,Unknown,first,first trials/025_3.csv,3.8986623243541856,0.0,0.5311076785765336,0.00952002915845875
33920,212.91789,2.1227787895035624,1.4596761102158282,3.819366881889109e-05,-1.6496925347867395e-06,358,0.0105542452830188,60,3,Unknown,first,first trials/060_3.csv,4.642943668079517,0.0,0.9284565731510575,0.005660028297444936
40800,260.66382,2.263548417625083,1.4127289634901283,0.000211927092154,-3.0351863070356e-05,737,0.018063725490196,25,2,Unknown,first,first trials/025_2.csv,3.542315881479729,0.0,0.46242847041214463,0.008059979391694717
40800,255.888531,2.1487430168606227,1.5714013743851296,8.721044442035109e-05,6.94832590007615e-05,442,0.0108333333333333,60,2,Unknown,first,first trials/060_2.csv,2.702640961575508,0.0,0.8510646616263853,0.006730648620226431
33920,211.983354,2.5338743903290544,1.446621073066651,2.3635284581332576e-05,6.0579994828536575e-06,0,0.0,3,1,Unknown,first,first trials/003_1.csv,5.267419728047472,0.0,0.5229331950567752,0.0
40800,255.46153,1.8380466218639784,1.3160125932301523,0.0001094910160922,2.4458739660654725e-05,1272,0.0311764705882352,62,0,Unknown,first,first trials/062_0.csv,4.181363466248545,0.0,0.7118796723716074,0.010252831847353601
40800,255.46153,1.8380466218639784,1.3160125932301523,0.0001094910160922,2.4458739660654725e-05,1272,0.0311764705882352,62,0,Unknown,first,first trials/062_0.csv,4.473444744739804,0.0,0.7118796723716074,0.010252831847353601
40800,255.191915,1.940480357254197,1.504811682277068,3.416509492462901e-05,-2.924297559662218e-05,751,0.018406862745098,27,0,Unknown,first,first trials/027_0.csv,4.933408848985875,0.0,0.8571645221619504,0.00784486061918443
33920,230.891312,1.5493245967817335,1.3224914644146852,5.338629210173663e-05,-2.5811199991221992e-05,2855,0.0841686320754716,1,3,Unknown,first,first trials/001_3.csv,3.847845176505911,0.0,0.6338531575895322,0.020569717283310078
40800,255.588499,1.844557455578286,1.2576220479419118,4.7473065028939554e-05,2.37242564340273e-06,688,0.0168627450980392,29,2,Unknown,repeat,repeats/029_2.csv,4.117957592741264,0.0,0.577480025063063,0.007417030785901616
40800,255.588499,1.844557455578286,1.2576220479419118,4.7473065028939554e-05,2.37242564340273e-06,688,0.0168627450980392,29,2,Unknown,repeat,repeats/029_2.csv,4.229492149158589,0.0,0.577480025063063,0.007417030785901616
33920,212.803256,2.3094299303351558,1.5949266581747257,9.39446275893313e-05,2.2412197951215757e-05,2021,0.0595813679245283,48,3,Unknown,repeat,repeats/048_3.csv,0.0,0.0,0.30633165392926986,0.014363812988612914
33920,212.803256,2.3094299303351558,1.5949266581747257,9.39446275893313e-05,2.2412197951215757e-05,2021,0.0595813679245283,48,3,Unknown,repeat,repeats/048_3.csv,5.257223504570902,0.0,0.30633165392926986,0.014363812988612914
40800,255.476934,1.877801764331434,1.0785900059499918,8.435945716641352e-06,-3.755094197353267e-05,165,0.0040441176470588,16,0,Unknown,repeat,repeats/016_0.csv,4.67025582102996,0.0,0.5689301093330422,0.003434673516850261
40800,255.476934,1.877801764331434,1.0785900059499918,8.435945716641352e-06,-3.755094197353267e-05,165,0.0040441176470588,16,0,Unknown,repeat,repeats/016_0.csv,4.563921536332865,0.0,0.5689301093330422,0.003434673516850261
33920,212.291419,1.929095280714764,1.1197353631794529,3.247823943009452e-05,-1.821130370517491e-05,574,0.0169221698113207,32,1,Unknown,repeat,repeats/032_1.csv,4.487130614097664,0.0,0.44715082169786685,0.00787240419886302
33920,212.291419,1.929095280714764,1.1197353631794529,3.247823943009452e-05,-1.821130370517491e-05,574,0.0169221698113207,32,1,Unknown,repeat,repeats/032_1.csv,4.898094446635655,0.0,0.44715082169786685,0.00787240419886302
40800,256.065573,1.897694635705303,1.1328671674269986,7.811165015678745e-05,4.696569904419517e-05,698,0.0171078431372549,32,0,Unknown,repeat,repeats/032_0.csv,4.266644792982849,0.0,0.44548116282157696,0.007296536521290317
40800,256.065573,1.897694635705303,1.1328671674269986,7.811165015678745e-05,4.696569904419517e-05,698,0.0171078431372549,32,0,Unknown,repeat,repeats/032_0.csv,4.580795704126238,0.0,0.44548116282157696,0.007296536521290317
33920,212.081612,1.891315395965647,1.1354248832976728,9.548995348820054e-05,1.828655155432718e-05,154,0.0045400943396226,16,1,Unknown,repeat,repeats/016_1.csv,4.8172012701846665,0.0,0.7043389680664984,0.003760801656792174
33920,212.081612,1.891315395965647,1.1354248832976728,9.548995348820054e-05,1.828655155432718e-05,154,0.0045400943396226,16,1,Unknown,repeat,repeats/016_1.csv,5.281526492997307,0.0,0.7043389680664984,0.003760801656792174
40800,255.28726,2.249082159741842,1.537871513641923,2.551122176669919e-05,-5.146573323534139e-05,2412,0.0591176470588235,48,2,Unknown,repeat,repeats/048_2.csv,5.180465194150572,0.0,0.33817363236958925,0.0145365639093671
40800,255.28726,2.249082159741842,1.537871513641923,2.551122176669919e-05,-5.146573323534139e-05,2412,0.0591176470588235,48,2,Unknown,repeat,repeats/048_2.csv,5.088830278295861,0.0,0.33817363236958925,0.0145365639093671
33920,213.16211,1.9465773823331176,1.3619319238238472,0.0001048866225353,9.327922197265838e-05,614,0.0181014150943396,29,3,Unknown,repeat,repeats/029_3.csv,3.895028212822001,0.0,0.5632228524673818,0.006796321901248239
33920,213.16211,1.9465773823331176,1.3619319238238472,0.0001048866225353,9.327922197265838e-05,614,0.0181014150943396,29,3,Unknown,repeat,repeats/029_3.csv,4.749197839614177,0.0,0.5632228524673818,0.006796321901248239
33920,212.716773,2.060326146686338,1.3063726087826155,8.607447718999703e-05,1.2297330007157158e-05,638,0.0188089622641509,29,1,Unknown,repeat,repeats/029_1.csv,4.339288251256567,0.0,0.4951077652942119,0.0075897819057631905
33920,212.716773,2.060326146686338,1.3063726087826155,8.607447718999703e-05,1.2297330007157158e-05,638,0.0188089622641509,29,1,Unknown,repeat,repeats/029_1.csv,4.811651953610079,0.0,0.4951077652942119,0.0075897819057631905
40800,255.983458,1.9843529218215767,1.325350401179616,6.725493059109407e-05,5.459599751282489e-05,2438,0.0597549019607843,48,0,Unknown,repeat,repeats/048_0.csv,4.367185271863437,0.0,0.41969045127165533,0.013540818182415355
40800,255.983458,1.9843529218215767,1.325350401179616,6.725493059109407e-05,5.459599751282489e-05,2438,0.0597549019607843,48,0,Unknown,repeat,repeats/048_0.csv,3.9959863276719063,0.0,0.41969045127165533,0.013540818182415355
33920,212.34308,1.9545013742551565,1.119416229259694,4.46791319788625e-05,-1.4315355968295384e-05,109,0.0032134433962264,16,3,Unknown,repeat,repeats/016_3.csv,5.474684178426924,0.0,0.48088147979492357,0.0036279588281248353
33920,212.34308,1.9545013742551565,1.119416229259694,4.46791319788625e-05,-1.4315355968295384e-05,109,0.0032134433962264,16,3,Unknown,repeat,repeats/016_3.csv,5.348213164656697,0.0,0.48088147979492357,0.0036279588281248353
40800,255.785207,2.0891037567977264,1.285906464629217,3.480499927876709e-05,1.065832207896986e-05,713,0.0174754901960784,32,2,Unknown,repeat,repeats/032_2.csv,4.414925793509275,0.0,0.3686660422233728,0.007795824643856642
40800,255.785207,2.0891037567977264,1.285906464629217,3.480499927876709e-05,1.065832207896986e-05,713,0.0174754901960784,32,2,Unknown,repeat,repeats/032_2.csv,4.606556603276484,0.0,0.3686660422233728,0.007795824643856642
33920,213.162981,2.04176485345882,1.1813926094854428,0.0001106853685393,2.6513846707329363e-05,577,0.0170106132075471,32,3,Unknown,repeat,repeats/032_3.csv,3.5959325983246764,0.0,0.3813544505266508,0.007812488198405649
33920,213.162981,2.04176485345882,1.1813926094854428,0.0001106853685393,2.6513846707329363e-05,577,0.0170106132075471,32,3,Unknown,repeat,repeats/032_3.csv,4.9365261194188585,0.0,0.3813544505266508,0.007812488198405649
40800,255.549627,1.88038576486735,1.0982448381813448,6.431243387714231e-05,1.6373674731512254e-05,158,0.0038725490196078,16,2,Unknown,repeat,repeats/016_2.csv,4.165967272631198,0.0,0.5395444704783214,0.0032846003255932624
40800,255.549627,1.88038576486735,1.0982448381813448,6.431243387714231e-05,1.6373674731512254e-05,158,0.0038725490196078,16,2,Unknown,repeat,repeats/016_2.csv,4.6864666689261805,0.0,0.5395444704783214,0.0032846003255932624
33920,212.304576,2.114318127461185,1.3727790603949528,9.868836654068696e-05,-3.686450575642581e-05,1944,0.0573113207547169,48,1,Unknown,repeat,repeats/048_1.csv,5.423561936400674,0.0,0.4254436671976154,0.013812619399576646
33920,212.304576,2.114318127461185,1.3727790603949528,9.868836654068696e-05,-3.686450575642581e-05,1944,0.0573113207547169,48,1,Unknown,repeat,repeats/048_1.csv,5.152258499488643,0.0,0.4254436671976154,0.013812619399576646
40800,256.025982,2.062533451649778,1.2224180570934329,9.921383217863685e-05,1.658526043149926e-05,699,0.0171323529411764,29,0,Unknown,repeat,repeats/029_0.csv,3.745977921093255,0.0,0.5013852518935746,0.0075255597590842115
40800,256.025982,2.062533451649778,1.2224180570934329,9.921383217863685e-05,1.658526043149926e-05,699,0.0171323529411764,29,0,Unknown,repeat,repeats/029_0.csv,4.740578707056064,0.0,0.5013852518935746,0.0075255597590842115
33920,212.635718,1.5444415090898138,0.9779496612302347,5.060950662073238e-05,1.6910636777448605e-06,710,0.0209316037735849,71,1,Unknown,repeat,repeats/071_1.csv,5.252274146408174,0.0,0.5142899813746148,0.008239862668551095
33920,212.635718,1.5444415090898138,0.9779496612302347,5.060950662073238e-05,1.6910636777448605e-06,710,0.0209316037735849,71,1,Unknown,repeat,repeats/071_1.csv,5.181282205342358,0.0,0.5142899813746148,0.008239862668551095
81600,568.002696,1.785613761880757,1.074374683644732,2.1682025043506365e-05,-2.3132139746992293e-05,701,0.0085906862745098,57,2,Unknown,repeat,repeats/057_2.csv,4.418374862194287,0.0,0.5094340732880259,0.005530652889069136
81600,568.002696,1.785613761880757,1.074374683644732,2.1682025043506365e-05,-2.3132139746992293e-05,701,0.0085906862745098,57,2,Unknown,repeat,repeats/057_2.csv,4.951495700140995,0.0,0.5094340732880259,0.005530652889069136
33920,213.109787,1.816691180545546,1.0842559856499592,0.0001033187160449,3.412633186327074e-05,311,0.0091686320754716,36,3,Unknown,repeat,repeats/036_3.csv,5.204405051750617,0.0,0.40083566103294227,0.005756975563642687
33920,213.109787,1.816691180545546,1.0842559856499592,0.0001033187160449,3.412633186327074e-05,311,0.0091686320754716,36,3,Unknown,repeat,repeats/036_3.csv,5.122307430115683,0.0,0.40083566103294227,0.005756975563642687
33920,212.549386,2.036746413230836,1.4119628482305355,-1.348502022834801e-18,-1.790820996431252e-05,431,0.0127063679245283,9,1,Unknown,repeat,repeats/009_1.csv,3.681615618607308,0.0,0.4650298094359319,0.007134863330524264
33920,212.549386,2.036746413230836,1.4119628482305355,-1.348502022834801e-18,-1.790820996431252e-05,431,0.0127063679245283,9,1,Unknown,repeat,repeats/009_1.csv,2.975638608209851,0.0,0.4650298094359319,0.007134863330524264
40800,255.511381,1.7671131981943422,1.0295082987521462,3.504098883832782e-05,-7.315182799575974e-05,539,0.0132107843137254,9,0,Unknown,repeat,repeats/009_0.csv,4.319300595308595,0.0,0.4707655616104479,0.0071992988532253695
40800,255.511381,1.7671131981943422,1.0295082987521462,3.504098883832782e-05,-7.315182799575974e-05,539,0.0132107843137254,9,0,Unknown,repeat,repeats/009_0.csv,4.480875590174713,0.0,0.4707655616104479,0.0071992988532253695
40800,255.76165,1.707618479052286,1.0214265635978368,2.062125940037064e-05,8.561540862583003e-08,411,0.0100735294117647,36,2,Unknown,repeat,repeats/036_2.csv,4.9157629573340245,0.0,0.5055951372046295,0.006278405955679138
40800,255.76165,1.707618479052286,1.0214265635978368,2.062125940037064e-05,8.561540862583003e-08,411,0.0100735294117647,36,2,Unknown,repeat,repeats/036_2.csv,5.164710091987869,0.0,0.5055951372046295,0.006278405955679138
40800,255.430959,1.4790649873900688,0.940328418089157,1.9700080650572546e-05,1.2999541413270331e-05,897,0.021985294117647,71,0,Unknown,repeat,repeats/071_0.csv,4.247728266277249,1.0,0.5677160787208241,0.008050670199238821
40800,255.430959,1.4790649873900688,0.940328418089157,1.9700080650572546e-05,1.2999541413270331e-05,897,0.021985294117647,71,0,Unknown,repeat,repeats/071_0.csv,3.679423054860554,1.0,0.5677160787208241,0.008050670199238821
33920,212.462002,1.86057739935249,1.1147635799073634,0.0001142115139688,5.620998402756168e-05,284,0.0083726415094339,57,1,Unknown,repeat,repeats/057_1.csv,5.553177992469927,0.0,0.5646451287054676,0.005611391774730736
33920,212.462002,1.86057739935249,1.1147635799073634,0.0001142115139688,5.620998402756168e-05,284,0.0083726415094339,57,1,Unknown,repeat,repeats/057_1.csv,5.303428515999315,0.0,0.5646451287054676,0.005611391774730736
40800,255.825012,1.5444016123525015,1.0346280712235087,7.87958813231895e-06,-7.908383288291721e-06,907,0.0222303921568627,71,2,Unknown,repeat,repeats/071_2.csv,1.0,0.0,0.41916681064845396,0.008719021631504226
40800,255.825012,1.5444016123525015,1.0346280712235087,7.87958813231895e-06,-7.908383288291721e-06,907,0.0222303921568627,71,2,Unknown,repeat,repeats/071_2.csv,4.511683276290814,0.0,0.41916681064845396,0.008719021631504226
40800,255.550107,1.7547991087097825,1.0531747954332242,5.4946900055578745e-05,3.20304867507436e-05,380,0.009313725490196,36,0,Unknown,repeat,repeats/036_0.csv,2.956439459011152,0.0,0.5091032702965719,0.005295936561497406
40800,255.550107,1.7547991087097825,1.0531747954332242,5.4946900055578745e-05,3.20304867507436e-05,380,0.009313725490196,36,0,Unknown,repeat,repeats/036_0.csv,5.116004755194266,0.0,0.5091032702965719,0.005295936561497406
40800,255.987979,1.8423376451798248,1.1608262136407774,6.415476743096938e-05,5.718611874776459e-06,564,0.0138235294117647,9,2,Unknown,repeat,repeats/009_2.csv,4.5629585067656215,0.0,0.4901493664304161,0.006606680282565767
40800,255.987979,1.8423376451798248,1.1608262136407774,6.415476743096938e-05,5.718611874776459e-06,564,0.0138235294117647,9,2,Unknown,repeat,repeats/009_2.csv,4.302137066911282,0.0,0.4901493664304161,0.006606680282565767
33920,212.963339,1.9008827818943783,1.1677829893439629,4.597151979271871e-05,-6.587968289140351e-05,484,0.0142688679245283,9,3,Unknown,repeat,repeats/009_3.csv,5.078831597370166,0.0,0.44481974534204205,0.007518826277006921
33920,212.963339,1.9008827818943783,1.1677829893439629,4.597151979271871e-05,-6.587968289140351e-05,484,0.0142688679245283,9,3,Unknown,repeat,repeats/009_3.csv,4.453926605187293,0.0,0.44481974534204205,0.007518826277006921
33920,212.504588,2.042177881277251,1.2071380146045114,7.463214852350239e-05,8.57048392363112e-06,341,0.0100530660377358,36,1,Unknown,repeat,repeats/036_1.csv,5.270091135141337,0.0,0.49958607957134504,0.00603142052966748
33920,212.504588,2.042177881277251,1.2071380146045114,7.463214852350239e-05,8.57048392363112e-06,341,0.0100530660377358,36,1,Unknown,repeat,repeats/036_1.csv,5.291772681487136,0.0,0.49958607957134504,0.00603142052966748
33920,212.839424,1.6426360439253886,1.2381811761930333,9.477319624931578e-05,5.007153214559943e-06,811,0.0239091981132075,71,3,Unknown,repeat,repeats/071_3.csv,4.8597177386196,0.0,0.542581498179221,0.008871751912955498
33920,212.839424,1.6426360439253886,1.2381811761930333,9.477319624931578e-05,5.007153214559943e-06,811,0.0239091981132075,71,3,Unknown,repeat,repeats/071_3.csv,5.198118618228115,0.0,0.542581498179221,0.008871751912955498
40800,255.419117,1.823041214935044,1.0708332954375008,1.3105558062715716e-05,-3.27147202654294e-05,319,0.0078186274509803,57,0,Unknown,repeat,repeats/057_0.csv,4.84726027737314,0.0,0.6283115966170567,0.005384980835130838
40800,255.419117,1.823041214935044,1.0708332954375008,1.3105558062715716e-05,-3.27147202654294e-05,319,0.0078186274509803,57,0,Unknown,repeat,repeats/057_0.csv,4.272853732343122,0.0,0.6283115966170567,0.005384980835130838
40800,255.975521,1.7693825831211714,1.01823393912156,2.2977227533770414e-05,6.875238690549585e-06,361,0.0088480392156862,49,0,Unknown,repeat,repeats/049_0.csv,4.5856254285662565,0.0,0.42147281347496035,0.005428169173499633
40800,255.975521,1.7693825831211714,1.01823393912156,2.2977227533770414e-05,6.875238690549585e-06,361,0.0088480392156862,49,0,Unknown,repeat,repeats/049_0.csv,4.745396613254503,0.0,0.42147281347496035,0.005428169173499633
33920,212.177568,1.850100763058995,1.063304235009962,0.0001232491494707,3.1931328176389645e-05,342,0.0100825471698113,49,1,Unknown,repeat,repeats/049_1.csv,5.04985416258347,0.0,0.44269807138340145,0.005957241562885823
33920,212.177568,1.850100763058995,1.063304235009962,0.0001232491494707,3.1931328176389645e-05,342,0.0100825471698113,49,1,Unknown,repeat,repeats/049_1.csv,5.151036323238122,0.0,0.44269807138340145,0.005957241562885823
33920,212.627934,2.024189346492567,1.211380841678108,2.9748092164155017e-06,-6.655386013382819e-05,332,0.0097877358490566,49,3,Unknown,repeat,repeats/049_3.csv,4.658899175863764,0.0,0.4928824178868823,0.005596796137880027
33920,212.627934,2.024189346492567,1.211380841678108,2.9748092164155017e-06,-6.655386013382819e-05,332,0.0097877358490566,49,3,Unknown,repeat,repeats/049_3.csv,5.100948756238017,0.0,0.4928824178868823,0.005596796137880027
40800,255.469218,1.931878934327017,1.1126695515581737,8.45480815247254e-05,4.935336637897904e-05,379,0.0092892156862745,49,2,Unknown,repeat,repeats/049_2.csv,5.077137840571762,0.0,0.3997393596295485,0.0065594487521222185
40800,255.469218,1.931878934327017,1.1126695515581737,8.45480815247254e-05,4.935336637897904e-05,379,0.0092892156862745,49,2,Unknown,repeat,repeats/049_2.csv,4.90412882369159,0.0,0.3997393596295485,0.0065594487521222185
33920,212.559988,1.9888310956033128,1.4464174255968438,8.763564998794972e-05,2.334991434273626e-05,687,0.020253537735849,11,3,Unknown,repeat,repeats/011_3.csv,4.897687640395503,0.0,0.3540412544709204,0.009209494329732882
33920,212.559988,1.9888310956033128,1.4464174255968438,8.763564998794972e-05,2.334991434273626e-05,687,0.020253537735849,11,3,Unknown,repeat,repeats/011_3.csv,4.971590419707304,0.0,0.3540412544709204,0.009209494329732882
33920,212.846525,2.0627825575991867,1.255549939266018,8.370425035686469e-05,-6.684249224154771e-06,360,0.0106132075471698,54,3,Unknown,repeat,repeats/054_3.csv,5.072494549018345,0.0,0.4770194911325448,0.006185412352604676
33920,212.846525,2.0627825575991867,1.255549939266018,8.370425035686469e-05,-6.684249224154771e-06,360,0.0106132075471698,54,3,Unknown,repeat,repeats/054_3.csv,4.850484523489952,0.0,0.4770194911325448,0.006185412352604676
40800,255.641091,1.898402566674212,1.0511268268181533,3.981620737111199e-05,3.3456073426391804e-05,0,0.0,72,0,Unknown,repeat,repeats/072_0.csv,4.044491314318523,0.0,0.5328787257365015,0.0
37939,238.36317,1.3863168185178023,1.4797349114377407,8.833452756007046e-05,8.833452756007089e-05,14214,0.3746540499222436,56,0,Unknown,repeat,repeats/056_0.csv,4.86139604437834,1.0,0.3553102563593706,0.027887412768761898
37939,238.36317,1.3863168185178023,1.4797349114377407,8.833452756007046e-05,8.833452756007089e-05,14214,0.3746540499222436,56,0,Unknown,repeat,repeats/056_0.csv,4.947378465668846,1.0,0.3553102563593706,0.027887412768761898
33920,212.438951,1.9516018675224824,1.2036601101701996,1.797929417733035e-05,-1.1091148100788024e-05,0,0.0,72,1,Unknown,repeat,repeats/072_1.csv,4.687631903168228,0.0,0.7728126844745755,0.0
40800,256.80638,1.9402024058072809,1.3094033463016608,4.462661177414845e-19,-0.0001011403091981,837,0.0205147058823529,11,2,Unknown,repeat,repeats/011_2.csv,4.692501063858182,0.0,0.3733827389899273,0.008570284650879695
40800,256.80638,1.9402024058072809,1.3094033463016608,4.462661177414845e-19,-0.0001011403091981,837,0.0205147058823529,11,2,Unknown,repeat,repeats/011_2.csv,3.112912638664864,0.0,0.3733827389899273,0.008570284650879695
40800,255.639139,2.225142761964282,1.269011233234386,5.524155390211343e-05,7.619880832234509e-06,385,0.0094362745098039,54,2,Unknown,repeat,repeats/054_2.csv,4.988479217307972,0.0,0.4444343933117699,0.005909957910139374
40800,255.639139,2.225142761964282,1.269011233234386,5.524155390211343e-05,7.619880832234509e-06,385,0.0094362745098039,54,2,Unknown,repeat,repeats/054_2.csv,4.480693720365042,0.0,0.4444343933117699,0.005909957910139374
40800,255.957036,1.847478850928848,1.0939185884018077,2.510613094060273e-05,-3.812777512649282e-05,387,0.009485294117647,54,0,Unknown,repeat,repeats/054_0.csv,4.545307109224604,0.0,0.5013502514829378,0.0054208638024938645
40800,255.957036,1.847478850928848,1.0939185884018077,2.510613094060273e-05,-3.812777512649282e-05,387,0.009485294117647,54,0,Unknown,repeat,repeats/054_0.csv,4.325817380838299,0.0,0.5013502514829378,0.0054208638024938645
40800,256.271819,1.6215356960373275,1.867588976542505,5.475446161474623e-05,5.475446161474448e-05,16208,0.3972549019607843,56,2,Unknown,repeat,repeats/056_2.csv,4.485421853524927,0.0,0.3784685278949042,0.03598822818931304
40800,256.271819,1.6215356960373275,1.867588976542505,5.475446161474623e-05,5.475446161474448e-05,16208,0.3972549019607843,56,2,Unknown,repeat,repeats/056_2.csv,5.445579257603497,0.0,0.3784685278949042,0.03598822818931304
33920,212.943765,1.6124629831251214,1.827155983956115,4.843477778668679e-05,-7.760073509364001e-05,13649,0.4023879716981132,56,3,Unknown,repeat,repeats/056_3.csv,4.022353639010183,0.0,0.35504166967191475,0.03234902999951714
33920,212.943765,1.6124629831251214,1.827155983956115,4.843477778668679e-05,-7.760073509364001e-05,13649,0.4023879716981132,56,3,Unknown,repeat,repeats/056_3.csv,5.116133514227189,0.0,0.35504166967191475,0.03234902999951714
33920,212.372712,2.015348376339992,1.2546498697594088,2.284873139059625e-05,-2.135589562473919e-05,337,0.0099351415094339,54,1,Unknown,repeat,repeats/054_1.csv,4.738557469777922,0.0,0.6314838991728992,0.005764679025279269
33920,212.372712,2.015348376339992,1.2546498697594088,2.284873139059625e-05,-2.135589562473919e-05,337,0.0099351415094339,54,1,Unknown,repeat,repeats/054_1.csv,5.222097834358149,0.0,0.6314838991728992,0.005764679025279269
33920,212.656461,1.8783755212731248,1.1430057689307087,6.171677456112768e-05,-4.252399552414228e-05,645,0.0190153301886792,11,1,Unknown,repeat,repeats/011_1.csv,5.220954663571017,0.0,0.3720583539157583,0.007495412112704215
33920,212.656461,1.8783755212731248,1.1430057689307087,6.171677456112768e-05,-4.252399552414228e-05,645,0.0190153301886792,11,1,Unknown,repeat,repeats/011_1.csv,5.229846793354789,0.0,0.3720583539157583,0.007495412112704215
40800,255.953446,3.49929912753973,2.747163916895182,2.6049493866749407e-05,-5.654841775351031e-05,0,0.0,72,2,Unknown,repeat,repeats/072_2.csv,4.033893043525056,0.0,0.716421817399959,0.0
40800,255.886084,1.9195581570636413,1.2124524174758793,3.9628377598959655e-05,-2.089522358488693e-05,958,0.0234803921568627,6,2,Unknown,repeat,repeats/006_2.csv,2.4184370394561245,0.0,0.548516054510181,0.00961619829368826
40800,255.886084,1.9195581570636413,1.2124524174758793,3.9628377598959655e-05,-2.089522358488693e-05,958,0.0234803921568627,6,2,Unknown,repeat,repeats/006_2.csv,3.947704538508224,0.0,0.548516054510181,0.00961619829368826
33920,212.442927,2.015025160585513,1.2201355592036411,6.409903783200374e-05,1.9915252929105464e-05,209,0.0061615566037735,65,1,Unknown,repeat,repeats/065_1.csv,5.365931418883203,0.0,0.51023449954488,0.004634555322358192
33920,212.442927,2.015025160585513,1.2201355592036411,6.409903783200374e-05,1.9915252929105464e-05,209,0.0061615566037735,65,1,Unknown,repeat,repeats/065_1.csv,4.8622556642436345,0.0,0.51023449954488,0.004634555322358192
40800,255.352983,1.7478141131537128,1.1016595424704174,3.3783247770304163e-05,-3.729940386903516e-05,1483,0.0363480392156862,41,0,Unknown,repeat,repeats/041_0.csv,4.563169036038857,0.0,0.5210217767709768,0.009980746592582326
40800,255.352983,1.7478141131537128,1.1016595424704174,3.3783247770304163e-05,-3.729940386903516e-05,1483,0.0363480392156862,41,0,Unknown,repeat,repeats/041_0.csv,4.112192158378787,0.0,0.5210217767709768,0.009980746592582326
33920,212.257332,1.9113316804015217,1.8360994490612297,2.7583915894537523e-05,-1.6741993494142004e-05,2141,0.0631191037735849,58,1,Unknown,repeat,repeats/058_1.csv,5.005055226498451,0.0,1.0300990135929025,0.013254065151360949
33920,212.257332,1.9113316804015217,1.8360994490612297,2.7583915894537523e-05,-1.6741993494142004e-05,2141,0.0631191037735849,58,1,Unknown,repeat,repeats/058_1.csv,4.549798606495467,0.0,1.0300990135929025,0.013254065151360949
40800,255.528588,2.215754228264164,2.8850901517105583,7.684953274519207e-05,6.824094559511773e-05,2721,0.0666911764705882,58,0,Unknown,repeat,repeats/058_0.csv,4.367706292669521,0.0,0.6930908287147506,0.015361200100452416
40800,255.528588,2.215754228264164,2.8850901517105583,7.684953274519207e-05,6.824094559511773e-05,2721,0.0666911764705882,58,0,Unknown,repeat,repeats/058_0.csv,4.143894194615811,0.0,0.6930908287147506,0.015361200100452416
33920,212.613581,1.915923037376625,1.2307695371254934,0.0001465708149153,4.6849712583706205e-05,1243,0.0366450471698113,41,1,Unknown,repeat,repeats/041_1.csv,5.218186613263378,0.0,0.6254466210875324,0.011619124160532244
33920,212.613581,1.915923037376625,1.2307695371254934,0.0001465708149153,4.6849712583706205e-05,1243,0.0366450471698113,41,1,Unknown,repeat,repeats/041_1.csv,5.167201025955649,0.0,0.6254466210875324,0.011619124160532244
40800,255.6857,1.766690324600018,1.01626169556343,3.561721735866476e-05,2.0794878257487797e-05,284,0.0069607843137254,65,0,Unknown,repeat,repeats/065_0.csv,5.034128389982624,0.0,0.4713761939176819,0.004651946212772617
40800,255.6857,1.766690324600018,1.01626169556343,3.561721735866476e-05,2.0794878257487797e-05,284,0.0069607843137254,65,0,Unknown,repeat,repeats/065_0.csv,4.832314999166413,0.0,0.4713761939176819,0.004651946212772617
33920,213.902912,2.1086225832645105,1.4241671386469528,7.026849518164215e-05,5.916804225889506e-06,814,0.0239976415094339,6,3,Unknown,repeat,repeats/006_3.csv,3.4952701789708334,0.0,0.45793934779352513,0.009650211531822639
33920,213.902912,2.1086225832645105,1.4241671386469528,7.026849518164215e-05,5.916804225889506e-06,814,0.0239976415094339,6,3,Unknown,repeat,repeats/006_3.csv,4.530688525980696,0.0,0.45793934779352513,0.009650211531822639
40800,255.739235,2.2829169476911675,1.2957493119734094,3.198199330976025e-05,-1.2756839130314933e-05,253,0.0062009803921568,65,2,Unknown,repeat,repeats/065_2.csv,4.946471538452307,0.0,0.30070001034558896,0.004233253944364312
40800,255.739235,2.2829169476911675,1.2957493119734094,3.198199330976025e-05,-1.2756839130314933e-05,253,0.0062009803921568,65,2,Unknown,repeat,repeats/065_2.csv,4.931422823593804,0.0,0.30070001034558896,0.004233253944364312
33920,212.384675,2.214147557964781,1.3660490797138014,0.0001033492686175,-1.519552695889967e-05,754,0.0222287735849056,6,1,Unknown,repeat,repeats/006_1.csv,3.070196263895625,0.0,0.696199725428282,0.008730766127993358
33920,212.384675,2.214147557964781,1.3660490797138014,0.0001033492686175,-1.519552695889967e-05,754,0.0222287735849056,6,1,Unknown,repeat,repeats/006_1.csv,4.8206946549110175,0.0,0.696199725428282,0.008730766127993358
33920,212.786219,3.6449764962442255,2.2437554369786143,2.559814283764653e-05,-5.56057140697386e-05,1260,0.0371462264150943,41,3,Unknown,repeat,repeats/041_3.csv,4.666660006301877,0.0,0.27923163745011176,0.01021756692523304
33920,212.786219,3.6449764962442255,2.2437554369786143,2.559814283764653e-05,-5.56057140697386e-05,1260,0.0371462264150943,41,3,Unknown,repeat,repeats/041_3.csv,4.309059302795461,0.0,0.27923163745011176,0.01021756692523304
40800,255.60026,2.085398870263057,2.636447696313463,6.40764821671489e-05,-2.961440658123932e-05,2751,0.0674264705882353,58,2,Unknown,repeat,repeats/058_2.csv,3.711790914320928,0.0,0.8374536758739209,0.014053786547536971
40800,255.60026,2.085398870263057,2.636447696313463,6.40764821671489e-05,-2.961440658123932e-05,2751,0.0674264705882353,58,2,Unknown,repeat,repeats/058_2.csv,3.657400466524072,0.0,0.8374536758739209,0.014053786547536971
33920,213.626223,1.8595336346594824,1.8237354366418,0.0002274721481012,9.784542811611044e-05,2169,0.0639445754716981,58,3,Unknown,repeat,repeats/058_3.csv,4.458511756616893,0.0,0.7935598263140416,0.015577399954884195
33920,213.626223,1.8595336346594824,1.8237354366418,0.0002274721481012,9.784542811611044e-05,2169,0.0639445754716981,58,3,Unknown,repeat,repeats/058_3.csv,3.85835655624268,0.0,0.7935598263140416,0.015577399954884195
40800,255.376755,4.3184945304007885,2.864024411191525,3.15460996252823e-05,-0.0001152436522894,1556,0.0381372549019607,41,2,Unknown,repeat,repeats/041_2.csv,4.889964072109738,0.0,0.20504777671686453,0.012680064149095583
40800,255.376755,4.3184945304007885,2.864024411191525,3.15460996252823e-05,-0.0001152436522894,1556,0.0381372549019607,41,2,Unknown,repeat,repeats/041_2.csv,3.94515339820628,0.0,0.20504777671686453,0.012680064149095583
40800,255.637664,1.98869868036752,1.264158389555721,1.2500474680147532e-05,-9.368668623647357e-06,960,0.0235294117647058,6,0,Unknown,repeat,repeats/006_0.csv,2.99148959852178,0.0,0.6246775880867705,0.010235632642049557
40800,255.637664,1.98869868036752,1.264158389555721,1.2500474680147532e-05,-9.368668623647357e-06,960,0.0235294117647058,6,0,Unknown,repeat,repeats/006_0.csv,4.207621290279155,0.0,0.6246775880867705,0.010235632642049557
22993,212.145717,2.7206896686916004,1.6657193965301846,6.0474962479775205e-05,-2.3590136995423733e-05,166,0.0072195885704344,65,3,Unknown,repeat,repeats/065_3.csv,4.902495614864048,0.0,0.34609716863193907,0.0049472051111530664
22993,212.145717,2.7206896686916004,1.6657193965301846,6.0474962479775205e-05,-2.3590136995423733e-05,166,0.0072195885704344,65,3,Unknown,repeat,repeats/065_3.csv,4.88253368985117,0.0,0.34609716863193907,0.0049472051111530664
40800,256.084457,1.6174261061924042,0.9760607844406144,2.174376334220377e-05,-1.4391577937037469e-05,1013,0.024828431372549,47,0,Unknown,repeat,repeats/047_0.csv,4.689261505195279,0.0,0.5115078060628984,0.00836217232098968
40800,256.084457,1.6174261061924042,0.9760607844406144,2.174376334220377e-05,-1.4391577937037469e-05,1013,0.024828431372549,47,0,Unknown,repeat,repeats/047_0.csv,4.788413776862106,0.0,0.5115078060628984,0.00836217232098968
33920,212.299402,1.6937586253533716,1.0291257258048128,8.294019096204863e-05,4.691040038421639e-05,822,0.0242334905660377,47,1,Unknown,repeat,repeats/047_1.csv,5.542958354932191,0.0,0.4907051584967736,0.00948266324325499
33920,212.299402,1.6937586253533716,1.0291257258048128,8.294019096204863e-05,4.691040038421639e-05,822,0.0242334905660377,47,1,Unknown,repeat,repeats/047_1.csv,5.248377028095639,0.0,0.4907051584967736,0.00948266324325499
33920,212.94996,1.797536785285364,1.2100581136384458,1.3354097701859197e-18,-7.530817814305744e-05,969,0.028567216981132,47,3,Unknown,repeat,repeats/047_3.csv,4.922738704919638,0.0,0.38777383095480644,0.008643218861628341
33920,212.94996,1.797536785285364,1.2100581136384458,1.3354097701859197e-18,-7.530817814305744e-05,969,0.028567216981132,47,3,Unknown,repeat,repeats/047_3.csv,4.635451142903676,0.0,0.38777383095480644,0.008643218861628341
16633,104.067999,2.3743428033389,1.5573889310553488,0.0001099748706551,-5.1501756278165886e-05,449,0.0269945289484759,47,2,Unknown,repeat,repeats/047_2.csv,4.487980374107217,0.0,2.5491037560326544,0.008378851451942046
16633,104.067999,2.3743428033389,1.5573889310553488,0.0001099748706551,-5.1501756278165886e-05,449,0.0269945289484759,47,2,Unknown,repeat,repeats/047_2.csv,0.0,0.0,2.5491037560326544,0.008378851451942046
17122,255.579987,2.0081549643056493,1.8577063677298888,7.590138188739678e-05,-0.0001159709432729,1204,0.0703188879803761,21,2,Unknown,repeat,repeats/021_2.csv,4.078355930620601,0.0,0.6109463989129986,0.015040953862093717
17122,255.579987,2.0081549643056493,1.8577063677298888,7.590138188739678e-05,-0.0001159709432729,1204,0.0703188879803761,21,2,Unknown,repeat,repeats/021_2.csv,4.145157990756752,0.0,0.6109463989129986,0.015040953862093717
33920,212.643189,2.080130820493224,1.2954062494491638,-5.302362322797034e-19,-2.5671297731973063e-05,1057,0.0311615566037735,42,1,Unknown,repeat,repeats/042_1.csv,4.447713106231674,0.0,0.5016838179538688,0.009621856383075153
33920,212.643189,2.080130820493224,1.2954062494491638,-5.302362322797034e-19,-2.5671297731973063e-05,1057,0.0311615566037735,42,1,Unknown,repeat,repeats/042_1.csv,4.901012957383893,0.0,0.5016838179538688,0.009621856383075153
40800,255.928261,1.984788659747983,1.202135862520052,0.0001287276103196,-5.9539979292911405e-05,1296,0.0317647058823529,42,0,Unknown,repeat,repeats/042_0.csv,4.339407977536655,0.0,0.4164858880953614,0.01043670728800008
40800,255.928261,1.984788659747983,1.202135862520052,0.0001287276103196,-5.9539979292911405e-05,1296,0.0317647058823529,42,0,Unknown,repeat,repeats/042_0.csv,4.6692269968501,0.0,0.4164858880953614,0.01043670728800008
33920,212.568148,2.424676310429644,1.8746804574417468,6.763970617067725e-05,2.5646869131075247e-05,2424,0.0714622641509434,21,3,Unknown,repeat,repeats/021_3.csv,5.145642772832535,0.0,0.35221876527930035,0.015716209560775334
33920,212.568148,2.424676310429644,1.8746804574417468,6.763970617067725e-05,2.5646869131075247e-05,2424,0.0714622641509434,21,3,Unknown,repeat,repeats/021_3.csv,4.802262172431784,0.0,0.35221876527930035,0.015716209560775334
40800,255.464825,2.3064880863159742,1.4885648222630778,6.416464508719679e-05,-2.1528751413133207e-05,1370,0.033578431372549,42,2,Unknown,repeat,repeats/042_2.csv,4.813558204229988,0.0,0.3719684579829939,0.011525602204346614
40800,255.464825,2.3064880863159742,1.4885648222630778,6.416464508719679e-05,-2.1528751413133207e-05,1370,0.033578431372549,42,2,Unknown,repeat,repeats/042_2.csv,4.575050802940922,0.0,0.3719684579829939,0.011525602204346614
33920,211.979766,2.9455932803366185,1.930603740975068,0.0002131472612112,4.144810103614084e-05,2542,0.074941037735849,21,1,Unknown,repeat,repeats/021_1.csv,5.324455849562591,0.0,0.32723694054150976,0.019228151468479907
33920,211.979766,2.9455932803366185,1.930603740975068,0.0002131472612112,4.144810103614084e-05,2542,0.074941037735849,21,1,Unknown,repeat,repeats/021_1.csv,5.040292912466782,0.0,0.32723694054150976,0.019228151468479907
40800,255.955133,1.8601960787997585,1.2855162996187155,1.6000273001950788e-18,-4.182539112443434e-05,2831,0.0693872549019607,21,0,Unknown,repeat,repeats/021_0.csv,4.471303197024394,0.0,0.6015405505019814,0.014655439024611824
40800,255.955133,1.8601960787997585,1.2855162996187155,1.6000273001950788e-18,-4.182539112443434e-05,2831,0.0693872549019607,21,0,Unknown,repeat,repeats/021_0.csv,4.61321348897602,0.0,0.6015405505019814,0.014655439024611824
33920,212.904179,2.193578248032601,1.4645380127639482,4.416612981595257e-05,-3.863762222803761e-05,1079,0.0318101415094339,42,3,Unknown,repeat,repeats/042_3.csv,4.464519493533267,0.0,0.47794897129826874,0.00920637578271718
33920,212.904179,2.193578248032601,1.4645380127639482,4.416612981595257e-05,-3.863762222803761e-05,1079,0.0318101415094339,42,3,Unknown,repeat,repeats/042_3.csv,4.677865081991152,0.0,0.47794897129826874,0.00920637578271718
40800,255.40958,1.736702539668186,1.447944009437127,8.62891644863809e-06,-4.056074913987377e-06,1560,0.038235294117647,62,2,Unknown,repeat,repeats/062_2.csv,4.435990114024875,0.0,0.5060992758232941,0.011917411269148375
40800,255.40958,1.736702539668186,1.447944009437127,8.62891644863809e-06,-4.056074913987377e-06,1560,0.038235294117647,62,2,Unknown,repeat,repeats/062_2.csv,4.3255493655065935,0.0,0.5060992758232941,0.011917411269148375
33920,213.221559,1.9196353732137343,1.912413179712048,5.8724325345586906e-05,1.8374647323240448e-05,1330,0.0392099056603773,62,3,Unknown,repeat,repeats/062_3.csv,4.955149695667739,0.0,0.5407167248144098,0.011581092392110352
33920,213.221559,1.9196353732137343,1.912413179712048,5.8724325345586906e-05,1.8374647323240448e-05,1330,0.0392099056603773,62,3,Unknown,repeat,repeats/062_3.csv,4.434990332902964,0.0,0.5407167248144098,0.011581092392110352
33920,212.484722,1.911865121871544,1.2521993025534797,0.0001052604267975,-1.5227355336506244e-05,1240,0.0365566037735849,62,1,Unknown,repeat,repeats/062_1.csv,4.076370301719156,0.0,0.6548984277117519,0.011635737992137064
33920,212.484722,1.911865121871544,1.2521993025534797,0.0001052604267975,-1.5227355336506244e-05,1240,0.0365566037735849,62,1,Unknown,repeat,repeats/062_1.csv,5.187524821660691,0.0,0.6548984277117519,0.011635737992137064
40800,256.266146,1.6491673585984294,1.0670335455386393,0.0001218719686342,0.0001218719686342,1487,0.0364460784313725,62,0,Unknown,repeat,repeats/062_0.csv,4.181363466248545,0.0,0.6474772752078937,0.011503205254995059
40800,256.266146,1.6491673585984294,1.0670335455386393,0.0001218719686342,0.0001218719686342,1487,0.0364460784313725,62,0,Unknown,repeat,repeats/062_0.csv,4.473444744739804,0.0,0.6474772752078937,0.011503205254995059
